Kod;Elementarne grupy zawodów;Bezrobotni ogółem - napływ w okresie;Bezrobotni ogółem - odpływ w okresie;Bezrobotni ogółem - stan na koniec okresu;Bezrobotni długotrwale - stan na koniec okresu;Napływ ofert pracy w okresie;Napływ ofert pracy w okresie - Internet;Napływ ofert pracy w okresie - OHP (CBOP);Stan ofert na koniec poprzedniego okresu - CBOP (PUP+OHP+EURES) i Internet;Odsetek ofert subsydiowanych w CBOP (%);Odsetek miejsc aktywizacji zawodowej (%);Średniomiesięczna liczba bezrobotnych w danej gr. zawodów;Średniomiesięczna liczba ofert pracy w danej gr. zawodów;wskaźnik dostępności ofert pracy;wskaźnik długotrwałego bezrobocia;wskaźnik płynności bezrobotnych;Deficyt/ równowaga/ nadwyżka - rok;Czy uwzględniono w inf. sygnalnej;Wartość wskaźnika struktury sumy bezrobotnych i ofert pracy
110;Oficerowie sił zbrojnych;33;38;34;16;0;0;0;0;;0,00;42,6667;0,0000;;47,0588;1,1515;-;Nie;0,0000299390
210;Podoficerowie sił zbrojnych;5;9;3;1;0;0;0;0;;0,00;5,1667;0,0000;;33,3333;1,8000;-;Nie;0,0000036254
310;Żołnierze szeregowi;727;898;616;262;1;0;0;1;0,00;0,00;739,0000;1,1667;633,4286;42,5325;1,2352;-;Nie;0,0005193715
1111;Przedstawiciele władz publicznych;7;6;13;6;0;0;0;0;;0,00;13,5000;0,0000;;46,1538;0,8571;-;Nie;0,0000094729
1112;Wyżsi urzędnicy administracji rządowej;16;21;16;5;3;0;0;2;33,33;33,33;18,1667;2,5000;7,2667;31,2500;1,3125;-;Nie;0,0000145017
1113;Wyżsi urzędnicy władz samorządowych;7;14;12;7;12;0;0;0;58,33;58,33;18,0000;2,0000;9,0000;58,3333;2,0000;-;Nie;0,0000140339
1114;Zawodowi działacze organizacji członkowskich;5;7;2;0;6;0;0;0;100,00;100,00;3,1667;1,0000;3,1667;0,0000;1,4000;-;Nie;0,0000029237
1120;Dyrektorzy generalni i zarządzający;1306;1435;2079;1032;443;1405;0;168;4,06;0,68;2201,6667;476,0000;4,6254;49,6392;1,0988;-;Nie;0,0018789063
1211;Kierownicy do spraw finansowych;245;254;302;104;334;1233;0;172;4,19;0,90;302,8333;433,1667;0,6991;34,4371;1,0367;deficyt;Tak;0,0005164478
1212;Kierownicy do spraw zarządzania zasobami ludzkimi;183;191;216;87;130;351;5;45;6,92;0,77;220,3333;125,1667;1,7603;40,2778;1,0437;-;Nie;0,0002424358
1213;Kierownicy do spraw strategii i planowania;397;446;589;286;225;1463;0;117;1,78;0,44;619,6667;398,3333;1,5556;48,5569;1,1234;-;Nie;0,0007143259
1219;Kierownicy do spraw obsługi biznesu i zarządzania gdzie indziej niesklasyfikowani;606;657;790;345;386;1683;5;216;8,55;1,55;819,8333;560,8333;1,4618;43,6709;1,0842;-;Nie;0,0009688074
1221;Kierownicy do spraw marketingu i sprzedaży;1004;1119;1265;527;338;4692;2;444;20,12;2,96;1343,3333;1 282,3333;1,0476;41,6601;1,1145;równowaga;Tak;0,0018424182
1222;Kierownicy do spraw reklamy i public relations;51;64;78;41;15;51;0;5;46,67;33,33;86,5000;16,0000;5,4063;52,5641;1,2549;-;Nie;0,0000719238
1223;Kierownicy do spraw badań i rozwoju;53;61;74;37;51;211;0;27;9,80;3,92;78,1667;70,6667;1,1061;50,0000;1,1509;-;Nie;0,0001044357
1311;Kierownicy produkcji w rolnictwie i leśnictwie;42;53;51;25;45;0;0;3;13,33;2,22;58,3333;10,5000;5,5556;49,0196;1,2619;-;Nie;0,0000483000
1312;Kierownicy produkcji w zakładach akwakultury i rybołówstwie;2;5;1;1;1;0;0;0;0,00;0,00;2,8333;0,1667;17,0000;100,0000;2,5000;-;Nie;0,0000021051
1321;Kierownicy do spraw produkcji przemysłowej;355;409;387;155;540;1301;19;228;7,04;0,37;420,0000;534,8333;0,7853;40,0517;1,1521;deficyt;Tak;0,0006700021
1322;Kierownicy w górnictwie;13;14;15;9;4;0;0;0;0,00;0,00;15,5000;0,6667;23,2500;60,0000;1,0769;-;Nie;0,0000113441
1323;Kierownicy do spraw budownictwa;572;680;707;358;701;1035;4;107;7,42;1,71;809,6667;396,3333;2,0429;50,6365;1,1888;-;Nie;0,0008462446
1324;Kierownicy do spraw logistyki i dziedzin pokrewnych;512;586;626;294;327;1197;2;163;10,40;2,45;681,3333;417,0000;1,6339;46,9649;1,1445;-;Nie;0,0007706954
1330;Kierownicy do spraw technologii informatycznych i telekomunikacyjnych;106;99;120;59;213;387;0;63;1,88;0,47;123,6667;163,0000;0,7587;49,1667;0,9340;-;Nie;0,0002011527
1341;Kierownicy w instytucjach opieki nad dziećmi;15;22;18;8;20;32;0;3;25,00;5,00;21,6667;11,6667;1,8571;44,4444;1,4667;-;Nie;0,0000233898
1342;Kierownicy w instytucjach opieki zdrowotnej;13;13;22;11;12;31;0;7;16,67;8,33;24,5000;14,1667;1,7294;50,0000;1,0000;-;Nie;0,0000271322
1343;Kierownicy w instytucjach opieki nad osobami starszymi;1;1;1;0;2;0;0;0;0,00;0,00;1,0000;0,3333;3,0000;0,0000;1,0000;-;Nie;0,0000009356
1344;Kierownicy w instytucjach pomocy społecznej;7;10;6;2;21;0;1;0;4,76;4,76;7,0000;3,5000;2,0000;33,3333;1,4286;-;Nie;0,0000073678
1345;Kierownicy w instytucjach edukacyjnych;25;22;47;15;18;0;2;5;0,00;0,00;45,8333;8,0000;5,7292;31,9149;0,8800;-;Nie;0,0000377746
1346;Kierownicy w instytucjach finansowych i ubezpieczeniowych;95;93;112;42;39;478;4;62;2,56;0,00;116,3333;148,1667;0,7852;37,5000;0,9789;-;Nie;0,0001855984
1349;Kierownicy w instytucjach usług wyspecjalizowanych gdzie indziej niesklasyfikowani;228;249;399;220;29;52;0;14;27,59;13,79;434,5000;27,5000;15,8000;55,1378;1,0921;-;Nie;0,0003241833
1411;Kierownicy w hotelarstwie;116;147;166;78;64;122;1;11;20,31;3,13;188,5000;42,0000;4,4881;46,9880;1,2672;-;Nie;0,0001617408
1412;Kierownicy w gastronomii;347;368;331;106;314;241;2;73;20,38;3,82;366,3333;165,5000;2,2135;32,0242;1,0605;-;Nie;0,0003731850
1420;Kierownicy w handlu detalicznym i hurtowym;1014;1031;1072;306;453;3665;0;492;15,01;2,21;1129,3333;1 178,3333;0,9584;28,5448;1,0168;równowaga;Tak;0,0016192790
1431;Kierownicy do spraw sportu, rekreacji i rozrywki;65;76;79;31;28;14;0;16;64,29;14,29;89,0000;23,0000;3,8696;39,2405;1,1692;-;Nie;0,0000785899
1439;Kierownicy do spraw innych typów usług gdzie indziej niesklasyfikowani;1619;1682;2076;878;325;441;7;82;7,38;1,85;2189,5000;209,6667;10,4428;42,2929;1,0389;-;Nie;0,0016834842
2111;Fizycy i astronomowie;200;207;234;108;17;19;0;0;23,53;23,53;247,3333;6,0000;41,2222;46,1538;1,0350;-;Nie;0,0001777628
2112;Meteorolodzy;6;13;4;2;14;0;0;3;35,71;35,71;7,8333;5,3333;1,4688;50,0000;2,1667;-;Nie;0,0000092390
2113;Chemicy;775;932;922;470;123;139;0;34;37,40;32,52;1024,3333;77,6667;13,1888;50,9761;1,2026;-;Nie;0,0007732683
2114;Specjaliści nauk o Ziemi;841;993;733;290;38;18;0;3;65,79;44,74;838,6667;12,3333;68,0000;39,5634;1,1807;-;Nie;0,0005971428
2120;Matematycy, aktuariusze i statystycy;605;680;587;280;50;182;0;13;74,00;68,00;636,8333;51,6667;12,3258;47,7002;1,1240;-;Nie;0,0004831173
2131;Biolodzy i pokrewni;1304;1753;1099;446;126;63;0;15;56,35;48,41;1299,6667;46,5000;27,9498;40,5823;1,3443;-;Nie;0,0009445989
2132;Specjaliści w zakresie rolnictwa, leśnictwa i pokrewni;2114;2786;2454;1288;202;608;1;17;60,40;49,01;2832,5000;152,0000;18,6349;52,4857;1,3179;-;Nie;0,0020942099
2133;Specjaliści do spraw ochrony środowiska;1290;1595;1131;529;189;404;0;32;62,96;49,74;1309,5000;130,8333;10,0089;46,7728;1,2364;-;Nie;0,0010106752
2141;Inżynierowie do spraw przemysłu i produkcji;1595;1722;1352;519;954;4815;2;670;16,88;12,05;1454,0000;1 631,5000;0,8912;38,3876;1,0796;deficyt;Tak;0,0021650811
2142;Inżynierowie budownictwa;2306;2748;1680;592;1149;1124;13;192;33,86;19,76;1977,6667;570,8333;3,4645;35,2381;1,1917;-;Nie;0,0017882707
2143;Inżynierowie inżynierii środowiska;2075;2532;1603;693;359;226;0;40;59,61;38,16;1919,6667;137,5000;13,9612;43,2314;1,2202;-;Nie;0,0014435043
2144;Inżynierowie mechanicy;1560;1759;1843;894;491;2305;2;255;15,89;10,18;1953,8333;721,0000;2,7099;48,5079;1,1276;-;Nie;0,0018769182
2145;Inżynierowie chemicy i pokrewni;924;1147;965;442;113;333;0;55;32,74;29,20;1083,8333;129,3333;8,3802;45,8031;1,2413;-;Nie;0,0008512734
2146;Inżynierowie górnictwa i metalurgii;460;563;408;183;22;85;0;12;40,91;40,91;495,6667;29,8333;16,6145;44,8529;1,2239;-;Nie;0,0003687409
2149;Inżynierowie gdzie indziej niesklasyfikowani;2401;2723;1801;653;621;2054;33;292;19,48;12,56;2006,6667;737,8333;2,7197;36,2576;1,1341;-;Nie;0,0019258030
2151;Inżynierowie elektrycy;634;708;635;304;297;1232;3;143;14,14;7,07;692,8333;397,8333;1,7415;47,8740;1,1167;-;Nie;0,0007653158
2152;Inżynierowie elektronicy;600;625;489;179;100;926;10;107;9,00;4,00;511,5000;278,0000;1,8399;36,6053;1,0417;-;Nie;0,0005539885
2153;Inżynierowie telekomunikacji;201;255;240;112;72;563;0;40;6,94;5,56;259,1667;145,8333;1,7771;46,6667;1,2687;-;Nie;0,0002841866
2161;Architekci;1524;1649;1267;475;510;340;0;34;60,20;34,90;1437,1667;175,6667;8,1812;37,4901;1,0820;-;Nie;0,0011317177
2162;Architekci krajobrazu;464;551;336;111;86;15;0;3;58,14;44,19;400,6667;19,8333;20,2017;33,0357;1,1875;-;Nie;0,0002950629
2163;Projektanci wzornictwa przemysłowego i odzieży;372;391;388;164;234;249;4;46;44,02;22,65;404,0000;126,5000;3,1937;42,2680;1,0511;-;Nie;0,0003722494
2164;Urbaniści i inżynierowie ruchu drogowego;121;124;78;21;23;37;0;8;43,48;39,13;84,0000;18,0000;4,6667;26,9231;1,0248;-;Nie;0,0000715729
2165;Kartografowie i geodeci;1131;1287;665;209;304;45;0;13;68,75;37,83;819,5000;71,1667;11,5152;31,4286;1,1379;-;Nie;0,0006249767
2166;Projektanci grafiki i multimediów;1128;1228;1046;418;1079;614;13;152;49,68;28,92;1155,3333;434,1667;2,6610;39,9618;1,0887;-;Nie;0,0011153448
2211;Lekarze bez specjalizacji, w trakcie specjalizacji lub ze specjalizacją I stopnia;288;953;227;48;96;63;0;13;0,00;0,00;299,1667;39,5000;7,5738;21,1454;3,3090;-;Nie;0,0002376408
2212;Lekarze specjaliści (ze specjalizacją II stopnia lub tytułem specjalisty);53;136;72;29;523;86;0;39;0,38;0,19;95,6667;140,5000;0,6809;40,2778;2,5660;deficyt;Tak;0,0001657171
2221;Pielęgniarki bez specjalizacji lub w trakcie specjalizacji;1381;1669;2045;1119;1421;158;7;330;12,88;4,08;2201,8333;593,1667;3,7120;54,7188;1,2085;-;Nie;0,0019612386
2222;Pielęgniarki z tytułem specjalisty;32;38;44;24;655;16;7;77;0,46;0,15;48,0000;188,8333;0,2542;54,5455;1,1875;-;Nie;0,0001661849
2231;Położne bez specjalizacji lub w trakcie specjalizacji;266;311;371;198;56;17;1;4;42,86;17,86;396,3333;16,1667;24,5155;53,3693;1,1692;-;Nie;0,0002894493
2232;Położne z tytułem specjalisty;11;10;11;4;10;0;0;1;10,00;0,00;12,3333;2,6667;4,6250;36,3636;0,9091;-;Nie;0,0000105254
2240;Specjaliści do spraw ratownictwa medycznego;46;54;35;14;0;15;0;1;;0,00;38,0000;3,5000;10,8571;40,0000;1,1739;-;Nie;0,0000291204
2251;Lekarze weterynarii bez specjalizacji lub w trakcie specjalizacji;669;657;227;65;439;338;0;11;84,28;71,30;312,6667;140,5000;2,2254;28,6344;0,9821;-;Nie;0,0003179850
2252;Lekarze weterynarii specjaliści;12;13;2;1;22;252;0;1;68,18;59,09;5,1667;46,6667;0,1107;50,0000;1,0833;deficyt;Tak;0,0000363712
2261;Lekarze dentyści bez specjalizacji, w trakcie specjalizacji lub ze specjalizacją I stopnia;76;101;66;14;23;62;0;6;26,09;4,35;77,8333;20,1667;3,8595;21,2121;1,3289;-;Nie;0,0000687661
2262;Lekarze dentyści specjaliści (ze specjalizacją II stopnia lub tytułem specjalisty);11;19;31;19;13;47;1;8;7,69;0,00;33,6667;18,0000;1,8704;61,2903;1,7273;-;Nie;0,0000362543
2271;Diagności laboratoryjni bez specjalizacji lub w trakcie specjalizacji;67;90;64;23;151;87;0;11;24,50;16,56;74,1667;50,6667;1,4638;35,9375;1,3433;-;Nie;0,0000875950
2272;Diagności laboratoryjni specjaliści;29;33;33;16;31;14;0;6;38,71;32,26;35,1667;13,5000;2,6049;48,4848;1,1379;-;Nie;0,0000341492
2281;Farmaceuci bez specjalizacji lub w trakcie specjalizacji;192;178;92;17;91;66;0;46;42,86;17,58;92,3333;72,1667;1,2794;18,4783;0,9271;-;Nie;0,0001154289
2282;Farmaceuci specjaliści;68;79;97;47;62;114;0;21;48,39;29,03;100,3333;50,3333;1,9934;48,4536;1,1618;-;Nie;0,0001057221
2291;Specjaliści do spraw higieny, bezpieczeństwa pracy i ochrony środowiska;833;966;677;273;167;343;0;39;40,12;28,14;766,3333;124,0000;6,1801;40,3250;1,1597;-;Nie;0,0006247428
2292;Fizjoterapeuci;2113;2458;1547;558;1821;84;6;134;44,32;27,68;1791,3333;451,5000;3,9675;36,0698;1,1633;-;Nie;0,0015737858
2293;Dietetycy i specjaliści do spraw żywienia;284;333;262;111;52;33;1;5;38,46;19,23;293,3333;19,1667;15,3043;42,3664;1,1725;-;Nie;0,0002192798
2294;Audiofonolodzy i logopedzi;99;109;88;37;146;71;1;21;20,55;11,64;91,5000;57,1667;1,6006;42,0455;1,1010;-;Nie;0,0001043187
2295;Optometryści;11;15;6;2;10;15;0;3;30,00;0,00;7,5000;7,1667;1,0465;33,3333;1,3636;równowaga;Nie;0,0000102915
2299;Specjaliści ochrony zdrowia gdzie indziej niesklasyfikowani;1239;1438;895;301;365;172;0;49;59,73;36,44;1083,6667;138,5000;7,8243;33,6313;1,1606;-;Nie;0,0008575887
2310;Nauczyciele akademiccy;161;181;280;151;18;33;0;0;11,11;11,11;290,3333;8,5000;34,1569;53,9286;1,1242;-;Nie;0,0002096900
2320;Nauczyciele kształcenia zawodowego;262;301;435;253;323;15;44;176;6,81;3,10;459,0000;232,3333;1,9756;58,1609;1,1489;-;Nie;0,0004851054
2330;Nauczyciele gimnazjów i szkół ponadgimnazjalnych (z wyjątkiem nauczycieli kształcenia zawodowego);5566;6120;7404;3737;1170;316;4;208;2,56;1,28;7604,6667;455,6667;16,6891;50,4727;1,0995;-;Nie;0,0056558986
2341;Nauczyciele szkół podstawowych;1944;1969;2619;1319;612;15;0;65;14,87;8,66;2572,5000;169,5000;15,1770;50,3627;1,0129;-;Nie;0,0019240487
2342;Specjaliści do spraw wychowania małego dziecka;1578;1580;2103;1014;1471;80;0;180;39,36;19,99;2091,0000;438,5000;4,7685;48,2168;1,0013;-;Nie;0,0017749385
2351;Wizytatorzy i specjaliści metod nauczania;58;45;76;35;43;108;8;3;27,91;16,28;73,3333;28,1667;2,6036;46,0526;0,7759;-;Nie;0,0000712221
2352;Nauczyciele szkół specjalnych;263;240;277;101;217;15;0;44;15,21;5,53;244,1667;82,6667;2,9536;36,4621;0,9125;-;Nie;0,0002293374
2353;Lektorzy języków obcych;150;128;171;69;497;226;5;185;5,84;3,22;159,1667;305,5000;0,5210;40,3509;0,8533;-;Nie;0,0003260545
2354;Nauczyciele muzyki w placówkach pozaszkolnych;12;12;9;6;8;0;0;0;50,00;37,50;10,3333;1,3333;7,7500;66,6667;1,0000;-;Nie;0,0000081864
2355;Nauczyciele sztuki w placówkach pozaszkolnych;115;149;147;77;124;0;0;0;59,68;42,74;166,1667;20,6667;8,0403;52,3810;1,2957;-;Nie;0,0001311001
2356;Instruktorzy technologii informatycznych;9;10;12;3;13;0;0;3;15,38;0,00;12,0000;5,1667;2,3226;25,0000;1,1111;-;Nie;0,0000120458
2359;Specjaliści nauczania i wychowania gdzie indziej niesklasyfikowani;7367;8294;8395;4138;1778;365;298;246;36,16;22,50;8853,1667;603,1667;14,6778;49,2912;1,1258;-;Nie;0,0066354654
2411;Specjaliści do spraw księgowości i rachunkowości;2215;2670;1857;751;617;3705;3;549;44,89;30,47;2088,0000;1 269,3333;1,6450;40,4416;1,2054;-;Nie;0,0023558253
2412;Doradcy finansowi i inwestycyjni;582;629;613;274;709;2795;65;604;20,17;13,12;650,6667;1 188,0000;0,5477;44,6982;1,0808;deficyt;Tak;0,0012901839
2413;Analitycy finansowi;2236;2563;2777;1385;649;4690;6;473;25,73;16,49;2980,5000;1 362,8333;2,1870;49,8740;1,1462;-;Nie;0,0030476969
2421;Specjaliści do spraw zarządzania i organizacji;8149;9690;7471;3106;1524;5127;43;610;29,40;20,60;8388,0000;1 718,5000;4,8810;41,5741;1,1891;-;Nie;0,0070916843
2422;Specjaliści do spraw administracji i rozwoju;10321;12665;10497;5253;1735;5568;110;357;39,88;30,66;11791,3333;1 574,1667;7,4905;50,0429;1,2271;-;Nie;0,0093785096
2423;Specjaliści do spraw zarządzania zasobami ludzkimi;1616;1904;1731;771;2382;5472;44;781;21,91;15,07;1895,0000;2 090,0000;0,9067;44,5407;1,1782;równowaga;Tak;0,0027962561
2424;Specjaliści do spraw szkoleń zawodowych i rozwoju kadr;192;221;207;92;371;581;7;58;47,71;36,66;229,5000;216,6667;1,0592;44,4444;1,1510;równowaga;Tak;0,0003130731
2431;Specjaliści do spraw reklamy i marketingu;3821;4392;4933;2440;3870;4788;37;825;35,35;24,06;5340,5000;2 268,0000;2,3547;49,4628;1,1494;-;Nie;0,0053388493
2432;Specjaliści do spraw public relations;200;202;200;75;99;157;0;17;41,41;31,31;210,8333;59,6667;3,5335;37,5000;1,0100;-;Nie;0,0001898086
2433;Specjaliści do spraw sprzedaży (z wyłączeniem technologii informacyjno-komunikacyjnych);2163;2322;2115;723;4748;12301;125;2276;26,85;14,97;2267,8333;5 117,5000;0,4432;34,1844;1,0735;deficyt;Tak;0,0051822543
2434;Specjaliści do spraw sprzedaży z dziedziny technologii teleinformatycznych;37;30;32;8;87;294;0;52;8,05;8,05;29,1667;115,5000;0,2525;25,0000;0,8108;-;Nie;0,0001015119
2440;Specjaliści do spraw rynku nieruchomości;495;600;553;283;687;1628;0;104;34,64;27,51;610,6667;489,8333;1,2467;51,1754;1,2121;-;Nie;0,0007722158
2511;Analitycy systemów komputerowych;113;135;80;27;848;2568;205;276;4,72;2,71;96,5000;845,3333;0,1142;33,7500;1,1947;deficyt;Tak;0,0006608801
2512;Specjaliści do spraw rozwoju systemów informatycznych;198;218;199;78;1106;3028;0;298;1,81;1,36;204,6667;987,0000;0,2074;39,1960;1,1010;deficyt;Tak;0,0008361870
2513;Projektanci aplikacji sieciowych i multimediów;40;43;34;7;70;1122;0;221;30,00;20,00;34,3333;419,6667;0,0818;20,5882;1,0750;deficyt;Tak;0,0003185697
2514;Programiści aplikacji;404;374;317;105;1197;8307;8;1035;10,03;6,43;319,5000;2 619,0000;0,1220;33,1230;0,9257;-;Nie;0,0020619319
2519;Analitycy systemów komputerowych i programiści gdzie indziej niesklasyfikowani;1519;1602;1520;676;978;2761;3;513;8,49;6,24;1604,8333;1 136,1667;1,4125;44,4737;1,0546;-;Nie;0,0019233470
2521;Projektanci i administratorzy baz danych;172;194;181;86;314;1935;13;284;12,10;8,92;197,1667;658,8333;0,2993;47,5138;1,1279;deficyt;Tak;0,0006006512
2522;Administratorzy systemów komputerowych;122;121;118;39;275;1951;4;171;26,91;12,36;123,6667;542,0000;0,2282;33,0508;0,9918;-;Nie;0,0004670952
2523;Specjaliści do spraw sieci komputerowych;340;391;367;182;488;1786;1;184;2,87;1,02;418,1667;563,0000;0,7427;49,5913;1,1500;deficyt;Tak;0,0006884801
2529;Specjaliści do spraw baz danych i sieci komputerowych gdzie indziej niesklasyfikowani;66;55;47;12;92;1292;1;118;9,78;7,61;46,1667;348,6667;0,1324;25,5319;0,8333;-;Nie;0,0002770527
2611;Adwokaci, radcy prawni i prokuratorzy;204;143;207;54;85;571;0;47;58,82;41,18;175,1667;156,3333;1,1205;26,0870;0,7010;-;Nie;0,0002326120
2612;Sędziowie;3;5;5;3;0;0;0;0;;0,00;5,0000;0,0000;;60,0000;1,6667;-;Nie;0,0000035085
2619;Specjaliści z dziedziny prawa gdzie indziej niesklasyfikowani;3250;3736;3179;1389;925;761;33;111;67,24;50,05;3474,3333;392,0000;8,8631;43,6930;1,1495;-;Nie;0,0027129882
2621;Archiwiści i muzealnicy;310;395;326;183;931;219;57;37;84,00;78,41;376,8333;228,6667;1,6480;56,1350;1,2742;-;Nie;0,0004248766
2622;Bibliotekoznawcy i specjaliści zarządzania informacją;334;376;424;238;338;374;0;51;9,76;7,40;447,5000;169,6667;2,6375;56,1321;1,1257;-;Nie;0,0004330630
2631;Ekonomiści;7334;8605;8871;4756;104;188;1;18;35,58;26,92;9617,5000;66,6667;144,2625;53,6129;1,1733;-;Nie;0,0067953350
2632;Archeolodzy, socjolodzy i specjaliści dziedzin pokrewnych;2411;2800;2361;1155;17;0;0;2;58,82;47,06;2635,0000;4,8333;545,1724;48,9199;1,1613;-;Nie;0,0018523588
2633;Filozofowie, historycy i politolodzy;3089;3743;3371;1780;16;29;0;0;81,25;75,00;3774,1667;7,5000;503,2222;52,8033;1,2117;-;Nie;0,0026535780
2634;Psycholodzy i pokrewni;997;1115;874;323;837;237;0;68;17,68;14,34;926,0000;247,0000;3,7490;36,9565;1,1184;-;Nie;0,0008230887
2635;Specjaliści do spraw społecznych;1369;1635;1325;614;121;19;1;14;42,15;28,93;1473,0000;37,3333;39,4554;46,3396;1,1943;-;Nie;0,0010597939
2636;Duchowni i osoby konsekrowane;11;13;17;10;0;0;0;0;;0,00;19,3333;0,0000;;58,8235;1,1818;-;Nie;0,0000135661
2641;Literaci i inni autorzy tekstów;145;160;185;102;46;61;2;11;43,48;23,91;205,5000;28,8333;7,1272;55,1351;1,1034;-;Nie;0,0001644306
2642;Dziennikarze;1025;1098;979;424;294;108;0;27;67,35;45,58;1054,8333;94,0000;11,2216;43,3095;1,0712;-;Nie;0,0008061310
2643;Filolodzy i tłumacze;2834;3307;2893;1285;504;916;2;99;3,37;2,18;3135,1667;335,6667;9,3401;44,4176;1,1669;-;Nie;0,0024354677
2651;Artyści plastycy;734;837;831;415;168;127;0;21;19,05;12,50;932,5000;70,1667;13,2898;49,9398;1,1403;-;Nie;0,0007035666
2652;Kompozytorzy, artyści muzycy i śpiewacy;262;276;234;136;8;0;0;2;12,50;0,00;244,8333;3,3333;73,4500;58,1197;1,0534;-;Nie;0,0001741374
2653;Choreografowie i tancerze;10;13;16;8;20;0;1;0;0,00;0,00;18,3333;3,3333;5,5000;50,0000;1,3000;-;Nie;0,0000152034
2654;Producenci filmowi, reżyserzy i pokrewni;136;131;115;51;13;0;0;0;46,15;46,15;120,3333;2,1667;55,5385;44,3478;0,9632;-;Nie;0,0000859577
2655;Aktorzy;132;149;106;47;49;0;30;20;2,04;2,04;110,0000;28,1667;3,9053;44,3396;1,1288;-;Nie;0,0000969509
2656;Prezenterzy radiowi, telewizyjni i pokrewni;40;41;43;26;13;0;0;2;15,38;7,69;48,1667;4,1667;11,5600;60,4651;1,0250;-;Nie;0,0000367221
2659;Twórcy i artyści gdzie indziej niesklasyfikowani;10;11;7;4;146;18;0;0;1,37;0,68;9,3333;27,3333;0,3415;57,1429;1,1000;-;Nie;0,0000257288
3111;Technicy nauk chemicznych, fizycznych i pokrewni;2077;2412;2498;1349;873;313;5;95;55,78;39,75;2737,3333;292,6667;9,3531;54,0032;1,1613;-;Nie;0,0021261370
3112;Technicy budownictwa;6849;8404;7580;3968;1051;761;5;119;33,02;20,93;8704,3333;421,0000;20,6754;52,3483;1,2270;-;Nie;0,0064032042
3113;Technicy elektrycy;3022;3552;3245;1587;824;891;5;171;12,86;7,28;3640,0000;456,8333;7,9679;48,9060;1,1754;-;Nie;0,0028747290
3114;Technicy elektronicy i pokrewni;2878;3260;2891;1325;795;530;7;216;23,27;13,71;3137,0000;436,8333;7,1812;45,8319;1,1327;-;Nie;0,0025077423
3115;Technicy mechanicy;13008;15998;14922;7795;1437;2292;19;519;17,40;9,26;16832,5000;1 140,5000;14,7589;52,2383;1,2299;-;Nie;0,0126115710
3116;Technicy technologii chemicznej i pokrewni;405;560;798;520;108;55;4;22;9,26;6,48;876,6667;49,1667;17,8305;65,1629;1,3827;-;Nie;0,0006496530
3117;Technicy górnictwa, metalurgii i pokrewni;393;503;437;238;80;31;0;6;10,00;10,00;481,0000;24,5000;19,6327;54,4622;1,2799;-;Nie;0,0003547070
3118;Kreślarze;125;132;184;92;90;145;2;17;64,44;42,22;193,8333;56,1667;3,4510;50,0000;1,0560;-;Nie;0,0001754238
3119;Technicy nauk fizycznych i technicznych gdzie indziej niesklasyfikowani;5601;6530;7877;4467;5310;1934;677;731;7,48;4,48;8515,1667;1 938,3333;4,3930;56,7094;1,1659;-;Nie;0,0073351726
3121;Osoby dozoru ruchu w górnictwie;8;4;12;5;58;14;0;0;1,72;1,72;10,1667;12,0000;0,8472;41,6667;0,5000;-;Nie;0,0000155542
3122;Mistrzowie produkcji w przemyśle przetwórczym;211;241;295;155;305;274;10;60;5,25;2,62;327,3333;156,5000;2,0916;52,5424;1,1422;-;Nie;0,0003395036
3123;Mistrzowie produkcji w budownictwie;248;285;425;265;124;33;37;8;10,48;4,03;462,6667;34,1667;13,5415;62,3529;1,1492;-;Nie;0,0003486257
3131;Operatorzy urządzeń energetycznych;290;334;449;271;137;33;0;37;7,30;0,73;488,8333;65,3333;7,4821;60,3563;1,1517;-;Nie;0,0003888562
3132;Operatorzy urządzeń do spalania odpadów, uzdatniania wody i pokrewni;210;256;295;167;234;45;2;18;39,74;14,10;321,5000;64,5000;4,9845;56,6102;1,2190;-;Nie;0,0002708544
3133;Kontrolerzy (sterowniczy) procesów w przemyśle chemicznym;16;23;25;17;45;0;1;3;0,00;0,00;30,1667;10,5000;2,8730;68,0000;1,4375;-;Nie;0,0000285356
3134;Kontrolerzy (sterowniczy) procesów przeróbki ropy naftowej i gazu;1;3;1;0;0;0;0;0;;0,00;1,8333;0,0000;;0,0000;3,0000;-;Nie;0,0000012864
3135;Kontrolerzy (sterowniczy) procesów metalurgicznych;10;11;12;4;27;56;0;24;11,11;3,70;13,6667;37,8333;0,3612;33,3333;1,1000;deficyt;Tak;0,0000361373
3139;Kontrolerzy (sterowniczy) procesów przemysłowych gdzie indziej niesklasyfikowani;812;831;681;248;6159;458;622;634;1,62;0,60;712,3333;1 736,8333;0,4101;36,4170;1,0234;deficyt;Tak;0,0017185689
3141;Technicy nauk biologicznych (z wyłączeniem nauk medycznych);69;69;83;33;142;86;2;12;57,75;45,77;85,6667;50,0000;1,7133;39,7590;1,0000;-;Nie;0,0000951967
3142;Technicy rolnictwa i pokrewni;6035;7877;9169;5688;99;166;1;6;40,40;35,35;10264,6667;50,1667;204,6113;62,0351;1,3052;-;Nie;0,0072378709
3143;Technicy leśnictwa;639;755;625;293;19;0;0;2;73,68;52,63;719,0000;5,1667;139,1613;46,8800;1,1815;-;Nie;0,0005081444
3144;Technicy technologii żywności;2841;3418;4227;2480;417;239;47;56;20,38;15,59;4627,8333;165,3333;27,9909;58,6705;1,2031;-;Nie;0,0033633429
3151;Pracownicy służb technicznych żeglugi;156;166;123;55;16;0;0;0;6,25;6,25;128,8333;2,6667;48,3125;44,7154;1,0641;-;Nie;0,0000922729
3152;Oficerowie pokładowi, piloci żeglugi i pokrewni;269;296;167;57;45;137;3;8;24,44;17,78;188,5000;38,3333;4,9174;34,1317;1,1004;-;Nie;0,0001591679
3153;Piloci statków powietrznych i personel pokrewny;155;171;150;64;147;31;0;44;4,08;3,40;162,6667;73,6667;2,2081;42,6667;1,1032;-;Nie;0,0001658340
3154;Kontrolerzy ruchu lotniczego i personel pokrewny;26;31;34;15;20;0;17;3;0,00;0,00;35,5000;6,3333;5,6053;44,1176;1,1923;-;Nie;0,0000293543
3155;Technicy urządzeń ruchu lotniczego;10;11;16;11;0;17;0;0;;0,00;15,3333;2,8333;5,4118;68,7500;1,1000;-;Nie;0,0000127475
3211;Operatorzy aparatury medycznej;354;360;381;175;208;14;0;23;58,17;44,23;380,0000;60,0000;6,3333;45,9318;1,0169;-;Nie;0,0003087460
3212;Technicy analityki medycznej;181;229;323;200;47;0;0;1;36,17;29,79;355,8333;8,8333;40,2830;61,9195;1,2652;-;Nie;0,0002558849
3213;Technicy farmaceutyczni;1125;1389;947;407;702;65;0;43;71,94;42,17;1077,6667;170,8333;6,3083;42,9778;1,2347;-;Nie;0,0008760667
3214;Technicy medyczni i dentystyczni;524;581;642;328;294;130;0;73;64,29;49,66;675,1667;143,6667;4,6995;51,0903;1,1088;-;Nie;0,0005745716
3220;Dietetycy i żywieniowcy;5048;6223;6717;3972;165;113;1;25;53,94;32,12;7461,8333;71,3333;104,6051;59,1335;1,2328;-;Nie;0,0052859882
3230;Praktykujący niekonwencjonalne lub komplementarne metody terapii;151;190;139;73;327;0;0;10;14,07;8,87;164,5000;64,5000;2,5504;52,5180;1,2583;-;Nie;0,0001606882
3240;Technicy weterynarii;422;516;391;165;221;109;0;6;81,45;58,37;438,5000;61,0000;7,1885;42,1995;1,2227;-;Nie;0,0003504968
3251;Asystenci dentystyczni;723;807;746;327;698;129;5;44;61,89;37,25;804,1667;181,8333;4,4225;43,8338;1,1162;-;Nie;0,0006918716
3252;Środowiskowi pracownicy ochrony zdrowia;8;8;15;9;29;0;0;20;51,72;37,93;15,6667;24,8333;0,6309;60,0000;1,0000;-;Nie;0,0000284187
3253;Optycy okularowi;79;84;102;46;55;51;0;10;67,27;29,09;104,1667;27,6667;3,7651;45,0980;1,0633;-;Nie;0,0000925068
3254;Technicy fizjoterapii i masażyści;1469;1867;1596;827;812;0;2;29;39,66;30,91;1855,6667;164,3333;11,2921;51,8170;1,2709;-;Nie;0,0014174247
3255;Średni personel ochrony środowiska, medycyny pracy i bhp;2045;2482;2479;1319;317;820;3;41;54,89;44,16;2734,5000;230,5000;11,8633;53,2069;1,2137;-;Nie;0,0020805268
3256;Ratownicy medyczni;515;636;393;171;187;17;0;11;36,36;24,06;467,6667;45,0000;10,3926;43,5115;1,2350;-;Nie;0,0003597358
3259;Średni personel do spraw zdrowia gdzie indziej niesklasyfikowany;1587;1931;2475;1526;2205;0;22;133;61,04;43,49;2642,8333;500,5000;5,2804;61,6566;1,2168;-;Nie;0,0022056625
3311;Dealerzy i maklerzy aktywów finansowych;114;125;143;79;124;802;5;59;25,81;13,71;156,3333;213,3333;0,7328;55,2448;1,0965;-;Nie;0,0002593934
3312;Pracownicy do spraw kredytów, pożyczek i pokrewni;515;614;678;351;320;2566;24;198;45,94;31,88;737,1667;679,0000;1,0857;51,7699;1,1922;równowaga;Tak;0,0009937176
3313;Księgowi;2800;3178;4133;2170;3903;4782;13;667;47,76;26,98;4373,0000;2 114,5000;2,0681;52,5042;1,1350;-;Nie;0,0045522488
3314;Średni personel do spraw statystyki i dziedzin pokrewnych;16150;19757;21162;12102;279;407;2;32;59,86;51,97;23369,6667;146,3333;159,7016;57,1874;1,2233;-;Nie;0,0165010685
3315;Rzeczoznawcy (z wyłączeniem majątkowych);87;106;112;56;52;192;10;48;26,92;13,46;122,3333;88,6667;1,3797;50,0000;1,2184;-;Nie;0,0001480577
3321;Agenci ubezpieczeniowi;406;467;581;307;911;844;16;183;40,50;25,14;611,3333;475,5000;1,2857;52,8399;1,1502;-;Nie;0,0007626259
3322;Przedstawiciele handlowi;3840;4372;4583;2144;12048;10940;1530;2957;11,67;5,49;5022,6667;6 788,3333;0,7399;46,7816;1,1385;deficyt;Tak;0,0082877241
3323;Zaopatrzeniowcy;1067;1284;1554;834;1894;812;1;213;51,69;37,96;1733,3333;664,0000;2,6104;53,6680;1,2034;-;Nie;0,0016821977
3324;Pośrednicy handlowi;179;215;265;135;396;99;0;15;4,55;3,28;286,5000;97,5000;2,9385;50,9434;1,2011;-;Nie;0,0002694510
3331;Spedytorzy i pokrewni;2817;3051;2010;681;2493;2528;52;516;43,80;28,88;2124,3333;1 352,8333;1,5703;33,8806;1,0831;-;Nie;0,0024399118
3332;Organizatorzy konferencji i imprez;155;178;130;55;218;50;38;9;63,76;32,57;151,6667;53,6667;2,8261;42,3077;1,1484;-;Nie;0,0001440815
3333;Pośrednicy pracy i zatrudnienia;69;73;64;29;2424;148;1253;283;5,32;5,16;64,5000;711,6667;0,0906;45,3125;1,0580;deficyt;Tak;0,0005446326
3334;Agenci i administratorzy nieruchomości;131;139;151;58;362;872;3;113;54,70;39,23;157,8333;318,6667;0,4953;38,4106;1,0611;deficyt;Tak;0,0003343578
3339;Pośrednicy usług biznesowych gdzie indziej niesklasyfikowani;1009;1122;871;365;471;397;308;160;15,07;10,83;925,5000;304,6667;3,0377;41,9059;1,1120;-;Nie;0,0008632023
3341;Kierownicy biura;196;204;276;114;122;247;1;26;40,16;6,56;285,8333;87,5000;3,2667;41,3043;1,0408;-;Nie;0,0002619663
3342;Sekretarze prawni;36;29;33;6;142;49;0;8;84,51;69,72;29,5000;39,8333;0,7406;18,1818;0,8056;-;Nie;0,0000486509
3343;Pracownicy administracyjni i sekretarze biura zarządu;4521;5388;6249;3571;5197;2023;29;278;81,89;61,57;6838,1667;1 481,3333;4,6162;57,1451;1,1918;-;Nie;0,0058377547
3344;Sekretarze medyczni i pokrewni;206;224;282;158;429;0;0;17;86,71;69,23;287,6667;88,5000;3,2505;56,0284;1,0874;-;Nie;0,0002639544
3351;Funkcjonariusze celni i ochrony granic;74;82;109;50;34;60;0;33;0,00;0,00;112,5000;48,6667;2,3116;45,8716;1,1081;-;Nie;0,0001130899
3352;Urzędnicy do spraw podatków;41;38;52;25;391;620;0;15;96,68;96,16;54,6667;183,5000;0,2979;48,0769;0,9268;-;Nie;0,0001671204
3353;Urzędnicy do spraw świadczeń społecznych;35;39;46;21;267;36;0;4;83,90;82,02;49,8333;54,5000;0,9144;45,6522;1,1143;równowaga;Tak;0,0000732102
3354;Urzędnicy organów udzielających licencji;2;3;3;1;6;28;0;0;100,00;100,00;3,3333;5,6667;0,5882;33,3333;1,5000;deficyt;Nie;0,0000063153
3355;Policjanci;228;241;258;135;4;0;0;1;0,00;0,00;281,0000;1,6667;168,6000;52,3256;1,0570;-;Nie;0,0001983459
3356;Funkcjonariusze służby więziennej;66;64;75;32;561;60;41;15;0,00;0,00;73,0000;118,5000;0,6160;42,6667;0,9697;-;Nie;0,0001343747
3357;Funkcjonariusze służb specjalnych;45;58;59;40;0;0;0;0;;0,00;65,0000;0,0000;;67,7966;1,2889;-;Nie;0,0000456102
3359;Urzędnicy państwowi do spraw nadzoru gdzie indziej niesklasyfikowani;105;138;109;66;24;285;0;2;29,17;20,83;129,5000;53,5000;2,4206;60,5505;1,3143;-;Nie;0,0001284103
3411;Średni personel z dziedziny prawa i pokrewny;130;165;187;111;332;16;0;5;69,88;63,55;208,3333;63,0000;3,3069;59,3583;1,2692;-;Nie;0,0001903933
3412;Pracownicy wsparcia rodziny, pomocy społecznej i pracy socjalnej;2882;3490;3634;2099;8837;46;1328;1933;29,69;19,28;3985,8333;3 413,5000;1,1677;57,7600;1,2110;-;Nie;0,0051920780
3413;Pracownicy z zakresu działalności religijnej;8;5;6;1;4;0;0;2;100,00;100,00;4,1667;2,6667;1,5625;16,6667;0,6250;-;Nie;0,0000047949
3421;Sportowcy i dżokeje;91;91;83;22;14;0;0;0;0,00;0,00;79,5000;2,3333;34,0714;26,5060;1,0000;-;Nie;0,0000574221
3422;Trenerzy, instruktorzy i działacze sportowi;322;334;259;101;285;53;41;22;57,19;31,23;280,6667;78,3333;3,5830;38,9961;1,0373;-;Nie;0,0002519086
3423;Instruktorzy fitness i rekreacji ruchowej;394;405;352;126;580;82;1;139;57,07;35,34;385,5000;249,3333;1,5461;35,7955;1,0279;-;Nie;0,0004454596
3431;Fotografowie;933;1063;1047;513;197;89;1;6;60,91;41,62;1150,8333;53,6667;21,4441;48,9971;1,1393;-;Nie;0,0008451921
3432;Plastycy, dekoratorzy wnętrz i pokrewni;1643;1859;2048;1124;1059;170;9;51;66,95;54,67;2208,1667;255,8333;8,6313;54,8828;1,1315;-;Nie;0,0017289774
3433;Pracownicy bibliotek, galerii, muzeów, informacji naukowej i pokrewni;390;464;540;307;617;50;1;13;87,36;71,47;588,3333;124,1667;4,7383;56,8519;1,1897;-;Nie;0,0004999580
3434;Szefowie kuchni i organizatorzy usług gastronomicznych;3461;3830;2836;961;346;124;18;49;22,83;10,40;2924,1667;127,3333;22,9647;33,8858;1,1066;-;Nie;0,0021412234
3435;Aktorzy cyrkowi i pokrewni;9;9;18;9;33;0;0;0;0,00;0,00;16,6667;5,5000;3,0303;50,0000;1,0000;-;Nie;0,0000155542
3436;Muzycy i pokrewni;293;332;350;185;12;0;0;0;25,00;16,67;375,6667;2,0000;187,8333;52,8571;1,1331;-;Nie;0,0002650070
3437;Tancerze;20;21;33;14;102;0;0;0;0,00;0,00;35,5000;17,0000;2,0882;42,4242;1,0500;-;Nie;0,0000368390
3439;Średni personel w zakresie działalności artystycznej i kulturalnej gdzie indziej niesklasyfikowany;378;416;416;216;887;29;10;166;67,87;49,72;450,5000;318,6667;1,4137;51,9231;1,1005;-;Nie;0,0005397207
3511;Operatorzy urządzeń teleinformatycznych;360;373;230;50;84;99;0;18;57,14;27,38;235,0000;48,5000;4,8454;21,7391;1,0361;-;Nie;0,0001989306
3512;Technicy wsparcia informatycznego i technicznego;6114;7097;4879;2006;1163;867;0;187;48,58;34,65;5470,8333;525,3333;10,4140;41,1150;1,1608;-;Nie;0,0042074824
3513;Operatorzy sieci i systemów komputerowych;161;174;211;103;76;15;11;8;65,79;44,74;222,1667;23,1667;9,5899;48,8152;1,0807;-;Nie;0,0001721493
3514;Technicy sieci internetowych;91;107;75;30;371;144;3;56;34,77;23,45;84,8333;141,8333;0,5981;40,0000;1,1758;deficyt;Tak;0,0001590510
3521;Operatorzy urządzeń do rejestracji i transmisji obrazu i dźwięku;287;317;276;133;201;99;5;16;64,68;40,30;322,6667;66,0000;4,8889;48,1884;1,1045;-;Nie;0,0002727256
3522;Operatorzy urządzeń telekomunikacyjnych;478;558;591;317;122;88;0;60;20,49;11,48;653,0000;95,0000;6,8737;53,6379;1,1674;-;Nie;0,0005248681
4110;Pracownicy obsługi biurowej;15474;17598;20795;11051;36474;4416;230;1470;81,81;62,68;22442,3333;8 285,0000;2,7088;53,1426;1,1373;-;Nie;0,0215612278
4120;Sekretarki (ogólne);1421;1667;2054;1128;3035;609;17;163;77,92;65,70;2218,1667;770,3333;2,8795;54,9172;1,1731;-;Nie;0,0020970166
4131;Maszynistki i operatorzy edytorów tekstu;111;140;214;142;137;114;3;6;35,04;23,36;220,6667;47,8333;4,6132;66,3551;1,2613;-;Nie;0,0001884052
4132;Operatorzy wprowadzania danych;225;235;259;139;697;197;24;21;81,78;76,47;276,5000;170,0000;1,6265;53,6680;1,0444;-;Nie;0,0003133070
4211;Kasjerzy bankowi i pokrewni;1406;1625;2020;1106;991;302;6;215;33,80;19,98;2183,0000;430,5000;5,0708;54,7525;1,1558;-;Nie;0,0018338809
4212;Bukmacherzy, krupierzy i pokrewni;151;176;159;51;60;0;0;41;31,67;31,67;171,1667;51,0000;3,3562;32,0755;1,1656;-;Nie;0,0001558933
4213;Pracownicy lombardów i instytucji pożyczkowych;69;63;76;26;72;18;0;12;43,06;15,28;71,3333;27,0000;2,6420;34,2105;0,9130;-;Nie;0,0000690000
4214;Windykatorzy i pokrewni;310;334;444;216;484;577;28;138;17,36;9,71;463,3333;314,8333;1,4717;48,6486;1,0774;-;Nie;0,0005460360
4221;Konsultanci i inni pracownicy biur podróży;1594;1873;1637;816;505;32;4;50;59,41;45,54;1785,3333;139,5000;12,7981;49,8473;1,1750;-;Nie;0,0013506467
4222;Pracownicy centrów obsługi telefonicznej (pracownicy call center);407;405;342;133;2453;3232;605;984;3,91;1,67;355,5000;1 931,5000;0,1841;38,8889;0,9951;-;Nie;0,0016047773
4223;Operatorzy centrali telefonicznych;419;524;807;530;68;0;7;5;19,12;11,76;854,1667;16,3333;52,2959;65,6753;1,2506;-;Nie;0,0006108258
4224;Recepcjoniści hotelowi;3912;4761;3498;1556;717;298;27;116;29,57;18,83;3952,5000;285,1667;13,8603;44,4826;1,2170;-;Nie;0,0029735511
4225;Pracownicy biur informacji;162;196;216;117;293;51;17;15;44,37;35,15;237,6667;72,3333;3,2857;54,1667;1,2099;-;Nie;0,0002175256
4226;Recepcjoniści (z wyłączeniem hotelowych);1951;2262;2265;1069;3854;974;26;300;64,50;46,91;2484,0000;1 104,6667;2,2486;47,1965;1,1594;-;Nie;0,0025181508
4227;Ankieterzy;117;113;113;53;680;317;420;189;0,15;0,15;110,1667;355,1667;0,3102;46,9027;0,9658;-;Nie;0,0003265222
4311;Pracownicy do spraw rachunkowości i księgowości;1917;2199;2592;1407;4528;940;20;190;77,56;61,88;2769,0000;1 101,3333;2,5142;54,2824;1,1471;-;Nie;0,0027157950
4312;Pracownicy do spraw statystyki, finansów i ubezpieczeń;531;641;887;553;459;249;5;65;72,11;56,86;960,5000;183,0000;5,2486;62,3450;1,2072;-;Nie;0,0008023887
4313;Pracownicy obsługi płacowej;60;62;89;34;161;252;0;19;52,80;42,24;87,1667;87,8333;0,9924;38,2022;1,0333;równowaga;Tak;0,0001227967
4321;Magazynierzy i pokrewni;11950;13647;12132;5888;49372;4426;15855;10796;13,17;7,96;13512,0000;19 762,3333;0,6837;48,5328;1,1420;deficyt;Tak;0,0233484459
4322;Planiści produkcyjni;130;131;200;120;207;235;40;44;16,43;12,08;205,0000;117,6667;1,7422;60,0000;1,0077;-;Nie;0,0002264137
4323;Pracownicy do spraw transportu;827;959;1144;658;816;249;59;83;24,75;16,67;1238,5000;260,5000;4,7543;57,5175;1,1596;-;Nie;0,0010518414
4411;Pomocnicy biblioteczni;29;33;28;17;256;0;1;2;94,92;83,20;32,0000;44,6667;0,7164;60,7143;1,1379;-;Nie;0,0000537966
4412;Listonosze i pokrewni;1275;1570;1656;905;2552;142;120;337;11,13;6,07;1832,3333;786,0000;2,3312;54,6498;1,2314;-;Nie;0,0018372724
4413;Kodowacze, korektorzy i pokrewni;38;40;53;31;18;0;0;4;61,11;27,78;54,0000;7,0000;7,7143;58,4906;1,0526;-;Nie;0,0000428034
4414;Technicy archiwiści i pokrewni;110;114;115;56;588;109;6;66;89,12;84,69;120,8333;182,1667;0,6633;48,6957;1,0364;deficyt;Tak;0,0002126137
4415;Pracownicy działów kadr;243;293;366;194;735;501;5;71;58,10;48,98;400,5000;277,0000;1,4458;53,0055;1,2058;-;Nie;0,0004753986
4419;Pracownicy obsługi biura gdzie indziej niesklasyfikowani;1190;1421;1657;940;2165;181;120;87;65,27;49,05;1813,8333;478,0000;3,7946;56,7290;1,1941;-;Nie;0,0016081689
5111;Stewardzi;62;89;60;32;25;0;5;1;4,00;4,00;69,8333;5,1667;13,5161;53,3333;1,4355;-;Nie;0,0000526272
5112;Konduktorzy i pokrewni;327;417;454;275;215;47;11;60;10,70;6,98;512,0000;103,6667;4,9389;60,5727;1,2752;-;Nie;0,0004320105
5113;Przewodnicy turystyczni i piloci wycieczek;121;176;108;54;115;19;0;8;48,70;37,39;141,8333;30,3333;4,6758;50,0000;1,4545;-;Nie;0,0001208086
5120;Kucharze;21368;26590;28676;17567;14929;512;797;1043;20,76;10,26;32266,3333;3 616,5000;8,9220;61,2603;1,2444;-;Nie;0,0251788183
5131;Kelnerzy;6270;7565;7747;4270;8372;612;1239;848;29,73;18,73;8626,1667;2 345,3333;3,6780;55,1181;1,2065;-;Nie;0,0076986508
5132;Barmani;2456;2886;3111;1730;2336;521;87;252;40,88;25,73;3400,5000;728,1667;4,6699;55,6091;1,1751;-;Nie;0,0028970663
5141;Fryzjerzy;13684;16044;16627;9100;5375;199;64;483;47,11;31,42;18283,8333;1 412,0000;12,9489;54,7303;1,1725;-;Nie;0,0138204752
5142;Kosmetyczki i pokrewni;3502;3929;4128;2079;4492;174;129;233;63,02;46,59;4459,8333;1 010,6667;4,4128;50,3634;1,1219;-;Nie;0,0038386246
5151;Pracownicy obsługi technicznej biur, hoteli i innych obiektów;174;210;273;147;459;82;13;34;48,58;35,29;296,0000;124,1667;2,3839;53,8462;1,2069;-;Nie;0,0002948290
5152;Pracownicy usług domowych;243;312;406;217;17;0;0;9;29,41;17,65;446,8333;11,8333;37,7606;53,4483;1,2840;-;Nie;0,0003218443
5153;Gospodarze budynków;17129;22805;24295;16049;48752;242;379;1563;84,60;51,63;28177,3333;9 728,6667;2,8963;66,0589;1,3314;-;Nie;0,0265984650
5161;Astrolodzy, wróżbici i pokrewni;6;6;4;3;0;0;0;0;;0,00;4,8333;0,0000;;75,0000;1,0000;-;Nie;0,0000033915
5162;Osoby do towarzystwa;2;2;1;1;0;0;0;0;;0,00;1,1667;0,0000;;100,0000;1,0000;-;Nie;0,0000008186
5163;Pracownicy zakładów pogrzebowych;147;158;155;81;281;0;0;37;36,30;18,15;179,8333;83,8333;2,1451;52,2581;1,0748;-;Nie;0,0001850137
5164;Opiekunowie zwierząt domowych i pracownicy zajmujący się zwierzętami;128;137;143;73;217;33;2;22;51,61;35,48;150,0000;63,6667;2,3560;51,0490;1,0703;-;Nie;0,0001499289
5165;Instruktorzy nauki jazdy;120;116;137;69;140;31;5;15;22,14;0,71;147,0000;43,5000;3,3793;50,3650;0,9667;-;Nie;0,0001336730
5169;Pracownicy usług osobistych gdzie indziej niesklasyfikowani;205;225;232;112;2551;158;2350;647;1,37;0,90;241,8333;1 098,5000;0,2201;48,2759;1,0976;deficyt;Tak;0,0009405057
5211;Sprzedawcy na targowiskach i bazarach;171;169;259;144;258;188;26;38;22,09;12,02;274,0000;112,3333;2,4392;55,5985;0,9883;nadwyżka;Tak;0,0002710883
5212;Uliczni sprzedawcy żywności;18;25;43;33;89;21;64;2;1,12;1,12;46,3333;20,3333;2,2787;76,7442;1,3889;-;Nie;0,0000467797
5221;Właściciele sklepów;786;899;1274;690;88;443;0;28;10,23;7,95;1350,5000;116,5000;11,5923;54,1601;1,1438;-;Nie;0,0010293871
5222;Kierownicy sprzedaży w marketach;302;356;419;230;112;180;1;55;12,50;2,68;457,0000;103,6667;4,4084;54,8926;1,1788;-;Nie;0,0003934172
5223;Sprzedawcy sklepowi (ekspedienci);78974;92488;115632;66890;51829;11017;3284;5813;45,46;26,11;125551,3333;16 287,3333;7,7085;57,8473;1,1711;-;Nie;0,0995275368
5230;Kasjerzy i sprzedawcy biletów;4027;4467;5173;2744;8500;2806;2167;2089;12,65;8,84;5560,3333;3 973,3333;1,3994;53,0447;1,1093;-;Nie;0,0066897298
5241;Modelki i modele;20;24;16;7;2;15;0;2;0,00;0,00;18,3333;4,8333;3,7931;43,7500;1,2000;-;Nie;0,0000162559
5242;Demonstratorzy wyrobów;4;3;6;3;21;0;0;5;14,29;9,52;6,3333;8,5000;0,7451;50,0000;0,7500;-;Nie;0,0000104085
5243;Agenci sprzedaży bezpośredniej;486;555;487;210;1410;830;766;335;8,79;4,33;529,1667;708,3333;0,7471;43,1211;1,1420;deficyt;Tak;0,0008683480
5244;Sprzedawcy (konsultanci) w centrach sprzedaży telefonicznej / internetowej;1412;1513;1364;637;4122;440;1017;789;13,03;8,71;1466,6667;1 549,3333;0,9466;46,7009;1,0715;równowaga;Tak;0,0021163133
5245;Sprzedawcy w stacji paliw;1313;1462;1110;409;1910;104;40;245;41,78;21,10;1244,8333;580,6667;2,1438;36,8468;1,1135;-;Nie;0,0012809449
5246;Wydawcy posiłków;360;430;503;253;684;16;1;79;34,80;25,44;541,5000;195,6667;2,7675;50,2982;1,1944;-;Nie;0,0005172664
5249;Pracownicy sprzedaży i pokrewni gdzie indziej niesklasyfikowani;4774;5001;4857;2016;10043;10839;664;2561;30,22;20,92;5126,6667;6 041,3333;0,8486;41,5071;1,0475;deficyt;Tak;0,0078365340
5311;Opiekunowie dziecięcy;666;699;897;483;1561;0;91;68;65,15;37,48;899,8333;328,1667;2,7420;53,8462;1,0495;-;Nie;0,0008616819
5312;Asystenci nauczycieli;505;476;546;214;2521;0;8;82;74,61;51,17;520,8333;502,1667;1,0372;39,1941;0,9426;-;Nie;0,0007178344
5321;Pomocniczy personel medyczny;606;760;661;349;670;15;1;72;50,00;33,58;724,3333;186,1667;3,8908;52,7988;1,2541;-;Nie;0,0006388936
5322;Pracownicy domowej opieki osobistej;1048;1391;1928;1352;1445;0;432;285;45,19;33,77;2136,5000;525,8333;4,0631;70,1245;1,3273;-;Nie;0,0018681470
5329;Pracownicy opieki osobistej w ochronie zdrowia i pokrewni gdzie indziej niesklasyfikowani;861;1059;1447;915;505;0;0;39;60,20;43,17;1559,6667;123,1667;12,6631;63,2343;1,2300;-;Nie;0,0011808364
5411;Strażacy;73;88;128;77;94;0;0;10;2,13;0,00;134,6667;25,6667;5,2468;60,1563;1,2055;-;Nie;0,0001125052
5412;Strażnicy w zakładach dla nieletnich;10;6;11;4;11;0;0;1;0,00;0,00;7,8333;2,8333;2,7647;36,3636;0,6000;-;Nie;0,0000074848
5413;Pracownicy ochrony osób i mienia;5555;6592;6632;3647;10845;509;926;2992;4,80;1,32;7456,3333;4 884,3333;1,5266;54,9910;1,1867;-;Nie;0,0086593888
5419;Pracownicy usług ochrony gdzie indziej niesklasyfikowani;482;574;443;208;1017;0;319;60;5,80;0,88;503,3333;229,5000;2,1932;46,9526;1,1909;-;Nie;0,0005142258
6111;Rolnicy upraw polowych;1711;2447;3404;2469;165;0;9;1;22,42;20,61;3833,8333;28,5000;134,5205;72,5323;1,4302;-;Nie;0,0027101814
6112;Sadownicy;64;105;117;79;56;0;15;0;19,64;19,64;135,5000;9,3333;14,5179;67,5214;1,6406;-;Nie;0,0001016289
6113;Ogrodnicy;3645;5236;5393;3564;4585;81;215;124;34,11;24,27;6342,5000;901,6667;7,0342;66,0857;1,4365;-;Nie;0,0050831983
6114;Rolnicy upraw mieszanych;335;429;562;369;46;0;0;0;36,96;36,96;628,1667;7,6667;81,9348;65,6584;1,2806;-;Nie;0,0004461613
6121;Hodowcy zwierząt gospodarskich i domowych;164;214;286;175;731;0;0;129;13,82;12,86;326,6667;250,8333;1,3023;61,1888;1,3049;-;Nie;0,0004052291
6122;Hodowcy drobiu;87;119;129;72;256;15;0;12;15,63;10,55;147,5000;57,1667;2,5802;55,8140;1,3678;-;Nie;0,0001436137
6123;Pszczelarze i hodowcy jedwabników;4;5;7;2;11;0;0;0;63,64;63,64;8,1667;1,8333;4,4545;28,5714;1,2500;-;Nie;0,0000070170
6129;Hodowcy zwierząt gdzie indziej niesklasyfikowani;311;472;625;452;17;0;0;2;23,53;5,88;729,5000;4,8333;150,9310;72,3200;1,5177;-;Nie;0,0005152783
6130;Rolnicy produkcji roślinnej i zwierzęcej;2902;3956;5156;3465;208;62;23;70;42,79;36,54;5831,6667;115,0000;50,7101;67,2033;1,3632;-;Nie;0,0041727485
6210;Robotnicy leśni i pokrewni;2067;3041;3171;2048;1515;0;0;120;40,13;15,38;3747,6667;372,5000;10,0609;64,5853;1,4712;-;Nie;0,0028911019
6221;Hodowcy ryb;59;73;86;48;11;0;0;0;36,36;18,18;100,3333;1,8333;54,7273;55,8140;1,2373;-;Nie;0,0000716899
6222;Rybacy śródlądowi;23;25;21;12;22;0;0;1;22,73;18,18;26,3333;4,6667;5,6429;57,1429;1,0870;-;Nie;0,0000217526
6223;Rybacy morscy;122;143;147;65;33;0;10;0;9,09;6,06;166,8333;5,5000;30,3333;44,2177;1,1721;-;Nie;0,0001209255
6310;Rolnicy produkcji roślinnej pracujący na własne potrzeby;8;24;29;24;3;0;0;0;100,00;100,00;37,0000;0,5000;74,0000;82,7586;3,0000;-;Nie;0,0000263136
6320;Hodowcy zwierząt pracujący na własne potrzeby;1;0;4;2;1;0;0;0;100,00;0,00;3,3333;0,1667;20,0000;50,0000;0,0000;-;Nie;0,0000024559
6330;Rolnicy produkcji roślinnej i zwierzęcej pracujący na własne potrzeby;644;897;1257;916;10;0;0;0;90,00;90,00;1439,0000;1,6667;863,4000;72,8719;1,3929;-;Nie;0,0010109091
6340;Rybacy i zbieracze pracujący na własne potrzeby;289;473;289;173;1346;0;857;77;0,45;0,30;390,0000;301,3333;1,2942;59,8616;1,6367;-;Nie;0,0004851054
7111;Monterzy konstrukcji budowlanych i konserwatorzy budynków;846;1087;1174;677;3032;289;27;159;31,27;19,85;1325,6667;712,5000;1,8606;57,6661;1,2849;-;Nie;0,0014301721
7112;Murarze i pokrewni;15793;20801;20595;12603;20388;211;258;1175;11,24;5,12;24713,0000;4 608,1667;5,3629;61,1945;1,3171;-;Nie;0,0205745271
7113;Robotnicy obróbki kamienia;650;1091;750;400;929;21;16;83;27,99;10,33;1033,8333;241,3333;4,2838;53,3333;1,6785;-;Nie;0,0008947786
7114;Betoniarze, betoniarze zbrojarze i pokrewni;3254;4525;4549;2850;10606;179;132;856;3,38;1,64;5438,1667;2 653,5000;2,0494;62,6511;1,3906;-;Nie;0,0056778851
7115;Cieśle i stolarze budowlani;4145;5267;5288;3031;8751;192;42;850;5,54;2,67;6183,8333;2 340,5000;2,6421;57,3185;1,2707;-;Nie;0,0059814853
7116;Robotnicy budowy dróg;262;386;377;242;827;31;3;23;19,47;4,11;455,8333;166,0000;2,7460;64,1910;1,4733;-;Nie;0,0004363376
7117;Monterzy budownictwa wodnego;53;99;105;75;19;0;0;5;5,26;0,00;135,1667;8,1667;16,5510;71,4286;1,8679;-;Nie;0,0001005763
7119;Robotnicy robót stanu surowego i pokrewni gdzie indziej niesklasyfikowani;691;833;644;324;3603;83;71;349;7,85;3,36;770,0000;963,3333;0,7993;50,3106;1,2055;deficyt;Tak;0,0012162720
7121;Dekarze;1629;2034;1879;1082;2701;102;18;188;21,92;10,66;2267,1667;655,1667;3,4604;57,5838;1,2486;-;Nie;0,0020505878
7122;Posadzkarze, parkieciarze i glazurnicy;1597;2027;1985;1193;4015;65;14;279;11,98;7,35;2332,0000;959,0000;2,4317;60,1008;1,2693;-;Nie;0,0023092795
7123;Tynkarze i pokrewni;881;1206;1034;570;9226;296;20;460;7,34;4,11;1289,3333;2 047,0000;0,6299;55,1257;1,3689;-;Nie;0,0023410897
7124;Monterzy izolacji;768;984;843;490;1396;29;0;95;7,52;3,44;986,5000;332,5000;2,9669;58,1257;1,2813;-;Nie;0,0009255362
7125;Szklarze;1021;1134;991;475;2011;94;69;110;18,25;8,01;1121,8333;460,8333;2,4344;47,9314;1,1107;-;Nie;0,0011105499
7126;Hydraulicy i monterzy rurociągów;7122;8919;8623;4973;6330;274;221;644;22,58;9,29;10125,0000;1 744,6667;5,8034;57,6713;1,2523;-;Nie;0,0083288902
7127;Monterzy i konserwatorzy instalacji klimatyzacyjnych i chłodniczych;635;693;677;371;1460;101;25;180;18,63;8,70;756,6667;440,1667;1,7190;54,8006;1,0913;-;Nie;0,0008398124
7129;Robotnicy budowlani robót wykończeniowych i pokrewni gdzie indziej niesklasyfikowani;3512;4430;2738;1162;6314;94;91;366;16,74;8,35;3385,6667;1 434,0000;2,3610;42,4397;1,2614;-;Nie;0,0033819378
7131;Malarze budowlani i pokrewni;5767;7471;8098;5194;4727;122;61;280;14,05;8,82;9432,6667;1 088,1667;8,6684;64,1393;1,2955;-;Nie;0,0073824201
7132;Lakiernicy;2936;3508;3003;1482;3870;478;80;492;11,96;5,48;3454,5000;1 216,6667;2,8393;49,3506;1,1948;-;Nie;0,0032777361
7133;Robotnicy czyszczący konstrukcje budowlane i pokrewni;123;161;138;81;907;16;2;19;5,62;2,76;172,1667;172,8333;0,9961;58,6957;1,3089;-;Nie;0,0002420849
7211;Formierze odlewniczy i pokrewni;739;996;1118;704;838;32;53;93;5,37;1,91;1278,3333;238,0000;5,3711;62,9696;1,3478;-;Nie;0,0010640041
7212;Spawacze i pokrewni;3700;4723;4305;2415;15772;976;534;1827;3,69;1,12;4977,0000;4 618,3333;1,0777;56,0976;1,2765;-;Nie;0,0067330010
7213;Blacharze;2917;3589;3169;1623;1443;200;7;223;25,57;15,18;3689,8333;496,8333;7,4267;51,2149;1,2304;-;Nie;0,0029377646
7214;Robotnicy przygotowujący i wznoszący konstrukcje metalowe;1689;2053;1621;831;6480;219;150;515;6,93;3,01;1902,3333;1 631,5000;1,1660;51,2647;1,2155;-;Nie;0,0024796745
7215;Takielarze i monterzy konstrukcji linowych;37;59;54;41;40;0;0;1;12,50;2,50;67,1667;7,6667;8,7609;75,9259;1,5946;-;Nie;0,0000525102
7221;Kowale i operatorzy pras kuźniczych;169;219;249;148;180;30;0;10;13,33;7,78;286,1667;45,0000;6,3593;59,4378;1,2959;-;Nie;0,0002323781
7222;Ślusarze i pokrewni;18769;23471;24300;14230;11411;660;175;1106;13,08;5,05;27716,3333;3 117,8333;8,8896;58,5597;1,2505;-;Nie;0,0216361922
7223;Ustawiacze i operatorzy obrabiarek do metali i pokrewni;8141;10275;11437;6940;11233;1680;777;1373;9,76;4,58;12992,6667;3 525,1667;3,6857;60,6802;1,2621;-;Nie;0,0115904873
7224;Szlifierze narzędzi i polerowacze metali;149;199;169;74;443;32;51;48;6,09;2,26;196,8333;127,1667;1,5478;43,7870;1,3356;-;Nie;0,0002273493
7231;Mechanicy pojazdów samochodowych;21282;26259;21235;10732;6894;707;75;769;45,69;19,12;24942,0000;2 035,8333;12,2515;50,5392;1,2339;-;Nie;0,0189302210
7232;Mechanicy statków powietrznych i pokrewni;39;51;54;39;5;19;0;1;40,00;0,00;61,1667;5,0000;12,2333;72,2222;1,3077;-;Nie;0,0000464288
7233;Mechanicy maszyn i urządzeń rolniczych i przemysłowych;6896;8811;9292;5658;3016;505;362;390;17,27;8,42;10661,5000;976,8333;10,9143;60,8911;1,2777;-;Nie;0,0081665647
7234;Mechanicy rowerów i pokrewni;147;176;148;77;198;0;0;63;45,96;29,80;170,5000;96,0000;1,7760;52,0270;1,1973;-;Nie;0,0001870018
7311;Mechanicy precyzyjni;512;652;743;439;180;0;12;55;11,67;5,00;846,3333;85,0000;9,9569;59,0848;1,2734;-;Nie;0,0006535123
7312;Monterzy instrumentów muzycznych;16;15;20;11;18;0;0;0;38,89;33,33;21,1667;3,0000;7,0556;55,0000;0,9375;nadwyżka;Nie;0,0000169576
7313;Jubilerzy, złotnicy i pokrewni;221;300;395;231;80;15;0;2;51,25;30,00;438,3333;17,8333;24,5794;58,4810;1,3575;-;Nie;0,0003200900
7314;Ceramicy i pokrewni;590;794;918;619;350;18;12;54;15,71;5,71;1039,5000;115,3333;9,0130;67,4292;1,3458;-;Nie;0,0008103412
7315;Formowacze wyrobów szklanych, krajacze i szlifierze szkła;692;879;1028;635;549;0;19;38;10,20;3,10;1153,0000;129,5000;8,9035;61,7704;1,2702;-;Nie;0,0008999243
7316;Szyldziarze, grawerzy i zdobnicy ceramiki, szkła i pokrewni;738;946;1172;716;583;18;5;23;18,52;10,81;1290,1667;123,1667;10,4750;61,0922;1,2818;-;Nie;0,0009917295
7317;Rękodzielnicy wyrobów z drewna i pokrewnych materiałów;160;231;342;232;82;0;10;11;26,83;21,95;380,3333;24,6667;15,4189;67,8363;1,4438;-;Nie;0,0002841866
7318;Rękodzielnicy wyrobów z tkanin, skóry i pokrewnych materiałów;2214;2960;4142;2877;314;90;0;45;26,11;12,74;4569,5000;112,3333;40,6780;69,4592;1,3369;-;Nie;0,0032852208
7319;Rzemieślnicy gdzie indziej niesklasyfikowani;123;167;232;145;93;0;0;2;35,48;25,81;258,6667;17,5000;14,7810;62,5000;1,3577;-;Nie;0,0001937849
7321;Pracownicy przy pracach przygotowawczych do druku;325;400;415;207;568;61;215;73;13,56;6,69;447,8333;177,8333;2,5183;49,8795;1,2308;-;Nie;0,0004390274
7322;Drukarze;825;996;1071;599;1275;144;244;169;21,02;10,67;1180,8333;405,5000;2,9120;55,9290;1,2073;-;Nie;0,0011131228
7323;Introligatorzy i pokrewni;911;1064;1308;770;928;68;57;167;18,86;10,78;1407,5000;333,0000;4,2267;58,8685;1,1679;-;Nie;0,0012213008
7411;Elektrycy budowlani i pokrewni;3797;4609;3725;1845;8470;837;145;1026;11,42;4,31;4375,1667;2 577,1667;1,6977;49,5302;1,2139;-;Nie;0,0048784202
7412;Elektromechanicy i elektromonterzy;9524;11533;11101;6145;4538;1009;130;540;13,13;6,24;12605,3333;1 464,5000;8,6073;55,3554;1,2109;-;Nie;0,0098727370
7413;Monterzy linii elektrycznych;351;370;433;213;960;57;1;82;9,48;3,23;464,3333;251,5000;1,8463;49,1917;1,0541;-;Nie;0,0005022969
7421;Monterzy i serwisanci urządzeń elektronicznych;1196;1482;1206;609;707;223;125;310;18,95;11,60;1387,1667;465,0000;2,9832;50,4975;1,2391;-;Nie;0,0012996568
7422;Monterzy i serwisanci instalacji i urządzeń teleinformatycznych;1540;1784;1995;1166;1553;310;7;212;37,09;20,35;2202,8333;522,5000;4,2159;58,4461;1,1584;-;Nie;0,0019123538
7511;Masarze, robotnicy w przetwórstwie ryb i pokrewni;4377;5371;5667;3216;11605;46;97;1108;3,03;1,06;6413,3333;3 049,8333;2,1028;56,7496;1,2271;-;Nie;0,0066402603
7512;Piekarze, cukiernicy i pokrewni;13737;17202;17223;9974;4646;309;110;422;25,72;12,23;19626,0000;1 247,8333;15,7281;57,9109;1,2522;-;Nie;0,0146470724
7513;Robotnicy w produkcji wyrobów mleczarskich;103;152;143;87;107;0;0;33;10,28;2,80;172,0000;50,8333;3,3836;60,8392;1,4757;-;Nie;0,0001563611
7514;Robotnicy przetwórstwa surowców roślinnych;430;517;592;342;772;65;45;66;10,75;7,38;657,5000;205,5000;3,1995;57,7703;1,2023;-;Nie;0,0006055631
7515;Klasyfikatorzy żywności i pokrewni;56;74;81;45;72;0;0;1;13,89;11,11;92,3333;13,0000;7,1026;55,5556;1,3214;-;Nie;0,0000739119
7521;Robotnicy przygotowujący drewno i pokrewni;989;1260;1232;710;1150;0;0;145;29,13;10,52;1424,8333;336,6667;4,2322;57,6299;1,2740;-;Nie;0,0012360364
7522;Stolarze meblowi i pokrewni;12971;15972;13763;7184;9132;275;259;746;24,64;9,14;16090,5000;2 313,8333;6,9540;52,1979;1,2314;-;Nie;0,0129142356
7523;Ustawiacze i operatorzy maszyn do obróbki i produkcji wyrobów z drewna;574;734;779;436;2001;49;119;91;23,64;9,10;882,8333;432,6667;2,0404;55,9692;1,2787;-;Nie;0,0009230803
7531;Krawcy, kuśnierze, kapelusznicy i pokrewni;9654;12457;17589;11734;2421;63;6;265;18,88;8,92;19271,8333;679,0000;28,3827;66,7121;1,2903;-;Nie;0,0139994075
7532;Konstruktorzy i krojczowie odzieży;563;726;888;479;941;45;15;72;29,76;18,07;995,8333;236,3333;4,2137;53,9414;1,2895;-;Nie;0,0008646057
7533;Szwaczki, hafciarki i pokrewni;5582;7359;10459;7029;1835;50;6;237;13,62;7,14;11544,6667;551,1667;20,9459;67,2053;1,3183;-;Nie;0,0084875903
7534;Tapicerzy i pokrewni;1743;2042;1752;880;2986;170;68;240;8,77;4,05;1994,1667;766,0000;2,6034;50,2283;1,1715;-;Nie;0,0019367962
7535;Wyprawiacze skór, garbarze i pokrewni;268;345;436;295;136;0;0;5;4,41;3,68;475,1667;27,6667;17,1747;67,6606;1,2873;-;Nie;0,0003528358
7536;Obuwnicy i pokrewni;837;1063;1366;799;646;0;0;54;22,14;8,20;1509,0000;161,6667;9,3340;58,4919;1,2700;-;Nie;0,0011722991
7537;Kaletnicy, rymarze i pokrewni;533;712;963;659;123;0;0;61;43,09;31,71;1063,0000;81,5000;13,0429;68,4320;1,3358;-;Nie;0,0008030904
7541;Nurkowie;11;11;9;1;10;0;0;0;10,00;10,00;7,6667;1,6667;4,6000;11,1111;1,0000;-;Nie;0,0000065492
7542;Strzałowi i pokrewni;4;2;12;7;138;0;0;2;0,00;0,00;10,3333;25,0000;0,4133;58,3333;0,5000;-;Nie;0,0000247932
7543;Klasyfikatorzy wyrobów przemysłowych;72;93;97;58;81;0;0;8;30,86;25,93;114,8333;21,5000;5,3411;59,7938;1,2917;-;Nie;0,0000956645
7544;Robotnicy zwalczania szkodników i chwastów;45;54;73;49;105;18;1;6;36,19;16,19;80,6667;26,5000;3,0440;67,1233;1,2000;-;Nie;0,0000751984
7549;Robotnicy przemysłowi i rzemieślnicy gdzie indziej niesklasyfikowani;130;143;133;59;641;617;22;309;20,44;9,36;143,0000;518,6667;0,2757;44,3609;1,1000;deficyt;Tak;0,0004642884
8111;Górnicy podziemnej i odkrywkowej eksploatacji złóż i pokrewni;1928;2503;2839;1830;1442;83;38;88;0,83;0,42;3217,1667;342,1667;9,4023;64,4593;1,2982;-;Nie;0,0024975677
8112;Operatorzy maszyn i urządzeń do przeróbki mechanicznej kopalin;175;204;219;120;228;0;38;9;21,93;10,96;238,6667;47,0000;5,0780;54,7945;1,1657;-;Nie;0,0002004510
8113;Operatorzy urządzeń wiertniczych i wydobywczych ropy, gazu i innych surowców;282;368;370;183;142;39;0;10;19,01;9,86;441,1667;40,1667;10,9834;49,4595;1,3050;-;Nie;0,0003377494
8114;Operatorzy maszyn i urządzeń do produkcji wyrobów cementowych, kamiennych i pokrewni;319;528;379;210;591;31;0;47;19,97;8,63;514,3333;150,6667;3,4137;55,4090;1,6552;-;Nie;0,0004666274
8121;Operatorzy maszyn i urządzeń do produkcji i przetwórstwa metali;1264;1557;1638;924;4398;246;569;372;7,78;3,46;1816,5000;1 146,0000;1,5851;56,4103;1,2318;-;Nie;0,0020787726
8122;Operatorzy urządzeń do obróbki powierzchniowej metali i nakładania powłok;123;137;138;71;476;0;2;25;9,45;2,52;149,3333;104,3333;1,4313;51,4493;1,1138;-;Nie;0,0001779967
8131;Operatorzy maszyn i urządzeń do produkcji wyrobów chemicznych;1184;1493;1712;1028;1406;164;44;179;12,52;6,83;1932,0000;440,6667;4,3843;60,0467;1,2610;-;Nie;0,0016648892
8132;Operatorzy urządzeń do produkcji materiałów światłoczułych i obróbki filmów;10;13;22;9;12;0;0;0;75,00;66,67;21,8333;2,0000;10,9167;40,9091;1,3000;-;Nie;0,0000167237
8141;Operatorzy maszyn do produkcji wyrobów gumowych;648;725;691;362;1880;17;177;169;32,82;15,90;761,0000;485,1667;1,5685;52,3878;1,1188;-;Nie;0,0008744294
8142;Operatorzy maszyn do produkcji wyrobów z tworzyw sztucznych;1678;1899;1776;863;9690;564;901;1650;7,83;2,84;1970,5000;3 359,0000;0,5866;48,5923;1,1317;deficyt;Tak;0,0037396855
8143;Operatorzy maszyn do produkcji wyrobów papierniczych;501;581;576;297;1576;128;50;145;13,58;5,52;639,3333;429,0000;1,4903;51,5625;1,1597;-;Nie;0,0007496446
8151;Operatorzy maszyn przędzalniczych i pokrewni;237;305;376;225;185;0;13;8;8,11;2,70;411,0000;38,8333;10,5837;59,8404;1,2869;-;Nie;0,0003156460
8152;Operatorzy maszyn tkackich i dziewiarskich;213;288;368;235;748;39;0;20;8,69;3,61;409,3333;151,1667;2,7078;63,8587;1,3521;-;Nie;0,0003933003
8153;Operatorzy maszyn do szycia;1357;1389;1646;586;8881;231;377;1054;8,93;3,10;1711,3333;2 572,6667;0,6652;35,6015;1,0236;deficyt;Tak;0,0030060630
8154;Operatorzy maszyn wykończalniczych wyrobów włókienniczych;98;135;173;116;111;0;0;6;22,52;9,01;196,0000;24,5000;8,0000;67,0520;1,3776;-;Nie;0,0001547238
8155;Operatorzy maszyn do wyprawiania futer i skór;56;62;74;46;49;0;5;6;26,53;8,16;80,3333;14,1667;5,6706;62,1622;1,1071;-;Nie;0,0000663102
8156;Operatorzy maszyn do produkcji obuwia i pokrewni;1355;1891;2646;1810;369;0;0;179;27,37;10,30;2926,3333;240,5000;12,1677;68,4051;1,3956;-;Nie;0,0022221523
8157;Operatorzy maszyn do prania;177;204;232;121;1139;0;36;83;12,82;6,32;259,3333;272,8333;0,9505;52,1552;1,1525;równowaga;Tak;0,0003734189
8159;Operatorzy maszyn do produkcji wyrobów włókienniczych, futrzarskich i skórzanych gdzie indziej niesklasyfikowani;186;226;243;145;232;48;35;10;15,95;7,33;271,0000;56,6667;4,7824;59,6708;1,2151;-;Nie;0,0002299222
8160;Operatorzy maszyn i urządzeń do produkcji wyrobów spożywczych i pokrewni;2984;3670;4228;2648;10120;263;627;1190;4,08;1,85;4711,0000;2 920,5000;1,6131;62,6301;1,2299;-;Nie;0,0053549883
8171;Operatorzy urządzeń do wyrobu masy papierniczej i produkcji papieru;230;305;279;166;338;0;2;13;18,93;7,10;325,8333;69,3333;4,6995;59,4982;1,3261;-;Nie;0,0002772866
8172;Operatorzy maszyn i urządzeń do obróbki drewna;1859;2225;2225;1146;3815;138;147;307;29,91;8,28;2494,0000;965,8333;2,5822;51,5056;1,1969;-;Nie;0,0024277491
8181;Operatorzy urządzeń do produkcji wyrobów szklanych i ceramicznych;563;655;678;378;1494;16;130;88;4,28;1,41;756,8333;339,6667;2,2282;55,7522;1,1634;-;Nie;0,0007694090
8182;Maszyniści kotłów parowych i pokrewni;1320;1430;2027;1254;205;16;0;39;20,00;2,93;2121,1667;75,8333;27,9714;61,8648;1,0833;-;Nie;0,0015416247
8183;Operatorzy urządzeń pakujących, znakujących i urządzeń do napełniania butelek;164;191;199;105;753;51;22;50;13,81;7,04;221,8333;184,0000;1,2056;52,7638;1,1646;-;Nie;0,0002847714
8189;Operatorzy innych maszyn i urządzeń przetwórczych gdzie indziej niesklasyfikowani;1884;2259;1996;1049;3213;856;210;379;5,54;1,87;2243,0000;1 057,1667;2,1217;52,5551;1,1990;-;Nie;0,0023157117
8211;Monterzy maszyn i urządzeń mechanicznych;1724;2006;2132;1226;4922;364;340;494;3,88;1,73;2375,3333;1 375,0000;1,7275;57,5047;1,1636;-;Nie;0,0026315916
8212;Monterzy sprzętu elektrycznego;974;1177;1213;678;4438;154;369;858;5,21;2,01;1346,6667;1 623,3333;0,8296;55,8945;1,2084;-;Nie;0,0020840353
8213;Monterzy sprzętu elektronicznego;2159;2583;3045;1829;3816;183;308;543;2,59;1,23;3335,3333;1 209,5000;2,7576;60,0657;1,1964;-;Nie;0,0031890885
8219;Monterzy gdzie indziej niesklasyfikowani;2293;2669;2363;1142;8793;221;699;1169;9,55;4,88;2676,0000;2 671,3333;1,0017;48,3284;1,1640;równowaga;Tak;0,0037521991
8311;Maszyniści kolejowi i metra;138;149;214;125;63;36;1;57;7,94;1,59;228,5000;73,5000;3,1088;58,4112;1,0797;-;Nie;0,0002119120
8312;Dyżurni ruchu, manewrowi i pokrewni;760;977;1253;822;383;136;1;62;4,96;0,52;1405,0000;148,5000;9,4613;65,6026;1,2855;-;Nie;0,0010900838
8321;Kierowcy motocykli;1;0;1;0;36;0;0;25;0,00;0,00;0,1667;31,0000;0,0054;0,0000;0,0000;-;Nie;0,0000218695
8322;Kierowcy samochodów osobowych i dostawczych;6391;7307;7140;3607;10066;1288;92;975;20,48;1,01;7948,6667;2 867,3333;2,7721;50,5182;1,1433;-;Nie;0,0075895372
8331;Kierowcy autobusów i motorniczowie tramwajów;803;1005;1041;555;3239;234;300;437;5,84;0,00;1179,6667;1 015,8333;1,1613;53,3141;1,2516;-;Nie;0,0015405722
8332;Kierowcy samochodów ciężarowych;5142;6109;5816;3000;17526;2411;61;2183;4,98;0,11;6635,8333;5 505,8333;1,2052;51,5818;1,1881;-;Nie;0,0085197514
8341;Operatorzy wolnobieżnych maszyn rolniczych i leśnych;3788;5277;5629;3513;1068;89;2;51;25,00;7,49;6665,3333;243,8333;27,3356;62,4090;1,3931;-;Nie;0,0048481303
8342;Operatorzy sprzętu do robót ziemnych i urządzeń pokrewnych;1857;2310;1661;804;3776;212;68;311;14,83;1,67;2126,5000;975,6667;2,1795;48,4046;1,2439;-;Nie;0,0021767760
8343;Maszyniści i operatorzy maszyn i urządzeń dźwigowo-transportowych i pokrewni;619;833;853;511;849;131;20;129;6,71;2,12;969,6667;292,3333;3,3170;59,9062;1,3457;-;Nie;0,0008855396
8344;Kierowcy operatorzy wózków jezdniowych;1767;2076;1547;749;6095;1775;525;1354;6,71;0,62;1852,1667;2 665,6667;0,6948;48,4163;1,1749;deficyt;Tak;0,0031701428
8350;Marynarze i pokrewni (z wyłączeniem sił zbrojnych);280;517;253;122;28;51;2;1;14,29;3,57;398,3333;14,1667;28,1176;48,2213;1,8464;-;Nie;0,0002894493
9111;Pomoce domowe i sprzątaczki;543;670;1137;781;1065;30;66;129;7,61;5,63;1228,0000;311,5000;3,9422;68,6895;1,2339;-;Nie;0,0010802600
9112;Pomoce i sprzątaczki biurowe, hotelowe i pokrewne;12755;16128;21126;13872;24558;439;984;2759;23,09;13,51;23137,6667;6 925,1667;3,3411;65,6632;1,2644;-;Nie;0,0210949512
9121;Praczki ręczne i prasowacze;899;1160;1591;1019;1039;15;13;129;37,25;23,10;1771,6667;304,6667;5,8151;64,0478;1,2903;-;Nie;0,0014569535
9122;Czyściciele pojazdów;509;603;490;242;1207;96;41;105;39,35;19,22;558,5000;322,1667;1,7336;49,3878;1,1847;-;Nie;0,0006179597
9123;Zmywacze okien;15;8;29;16;70;0;1;0;14,29;11,43;27,0000;11,6667;2,3143;55,1724;0,5333;nadwyżka;Nie;0,0000271322
9129;Pozostali pracownicy zajmujący się sprzątaniem;722;673;692;206;6225;36;378;898;8,59;4,22;696,8333;1 941,5000;0,3589;29,7688;0,9321;-;Nie;0,0018513063
9211;Robotnicy wykonujący proste prace polowe;518;840;674;429;2087;0;186;166;7,95;6,71;839,5000;513,8333;1,6338;63,6499;1,6216;-;Nie;0,0009496277
9212;Robotnicy wykonujący prace proste w hodowli zwierząt;263;382;428;262;674;0;49;48;13,06;10,39;510,8333;160,3333;3,1861;61,2150;1,4525;-;Nie;0,0004709545
9213;Robotnicy wykonujący prace proste przy uprawie roślin i hodowli zwierząt;145;194;212;131;488;0;32;4;28,89;22,95;243,6667;85,3333;2,8555;61,7925;1,3379;-;Nie;0,0002308578
9214;Robotnicy wykonujący prace proste w ogrodnictwie i sadownictwie;838;1143;921;491;4589;0;585;302;21,46;16,06;1105,5000;1 066,8333;1,0362;53,3116;1,3640;-;Nie;0,0015243163
9215;Robotnicy wykonujący prace proste w leśnictwie;144;238;210;110;399;0;19;11;36,09;19,30;250,5000;77,5000;3,2323;52,3810;1,6528;-;Nie;0,0002301561
9216;Robotnicy wykonujący prace proste w rybołówstwie i zakładach akwakultury;15;26;20;13;15;0;0;4;33,33;26,67;27,0000;6,5000;4,1538;65,0000;1,7333;-;Nie;0,0000235068
9311;Robotnicy wykonujący prace proste w kopalniach i kamieniołomach;457;606;468;263;369;0;30;63;1,90;0,27;560,1667;124,5000;4,4993;56,1966;1,3260;-;Nie;0,0004804274
9312;Robotnicy wykonujący prace proste w budownictwie drogowym, wodnym i pokrewni;4295;5954;5407;3551;4859;265;38;102;51,57;8,29;6741,6667;956,0000;7,0520;65,6741;1,3863;-;Nie;0,0054014171
9313;Robotnicy wykonujący prace proste w budownictwie ogólnym;17548;23203;21484;12760;28003;232;429;1780;19,78;5,43;25943,5000;6 485,8333;4,0000;59,3930;1,3223;-;Nie;0,0227555133
9321;Ręczni pakowacze i znakowacze;6140;7018;7850;4459;23464;1033;3940;2722;3,93;2,34;8568,1667;6 804,8333;1,2591;56,8025;1,1430;-;Nie;0,0107871630
9329;Robotnicy wykonujący prace proste w przemyśle gdzie indziej niesklasyfikowani;15089;18826;20502;12718;31826;2010;2213;4383;7,93;4,35;23057,5000;10 022,3333;2,3006;62,0330;1,2477;-;Nie;0,0232119662
9332;Prowadzący pojazdy ciągnięte przez zwierzęta;15;39;56;48;1;0;0;0;100,00;0,00;64,8333;0,1667;389,0000;85,7143;2,6000;-;Nie;0,0000456102
9333;Robotnicy pracujący przy przeładunku towarów;4632;5655;6013;3632;7964;1188;668;1371;6,65;3,97;6757,3333;2 896,3333;2,3331;60,4025;1,2209;-;Nie;0,0067739333
9334;Układacze towarów na półkach;651;688;545;227;2058;267;791;360;7,68;7,19;592,6667;747,5000;0,7929;41,6514;1,0568;deficyt;Tak;0,0009403888
9411;Pracownicy przygotowujący posiłki typu fast food;482;519;343;107;4814;235;615;516;10,93;8,83;364,1667;1 357,5000;0,2683;31,1953;1,0768;deficyt;Tak;0,0012080855
9412;Pomoce kuchenne;4233;5191;5783;3464;13285;265;855;791;34,90;22,85;6457,8333;3 049,3333;2,1178;59,8997;1,2263;-;Nie;0,0066711349
9510;Pracownicy świadczący usługi na ulicach;185;214;165;82;1299;16;1054;223;0,15;0,08;194,8333;442,1667;0,4406;49,6970;1,1568;deficyt;Tak;0,0004469800
9520;Uliczni sprzedawcy produktów (z wyłączeniem żywności o krótkim terminie przydatności do spożycia);34;52;79;55;9;0;8;5;0,00;0,00;92,6667;6,5000;14,2564;69,6203;1,5294;-;Nie;0,0000695848
9611;Ładowacze nieczystości;214;230;252;134;545;0;0;43;35,96;12,84;270,6667;133,8333;2,0224;53,1746;1,0748;-;Nie;0,0002838358
9612;Sortowacze odpadów;287;308;280;149;1415;0;10;141;23,67;13,71;310,5000;376,8333;0,8240;53,2143;1,0732;-;Nie;0,0004822986
9613;Zamiatacze i pokrewni;2571;3526;4778;3443;2461;0;13;254;77,25;57,21;5386,3333;664,1667;8,1099;72,0594;1,3715;-;Nie;0,0042456079
9621;Gońcy, bagażowi i pokrewni;585;621;680;383;4855;50;3828;389;8,24;4,12;719,6667;1 206,5000;0,5965;56,3235;1,0615;-;Nie;0,0013515822
9622;Pracownicy wykonujący dorywcze prace proste;374;387;372;166;5170;113;2781;958;10,00;8,39;391,8333;1 838,5000;0,2131;44,6237;1,0348;deficyt;Tak;0,0015650146
9623;Odczytujący liczniki i wybierający monety z automatów;30;25;35;15;22;0;0;5;31,82;22,73;33,6667;8,6667;3,8846;42,8571;0,8333;-;Nie;0,0000297051
9629;Pracownicy wykonujący prace proste gdzie indziej niesklasyfikowani;6632;7985;8985;5267;28133;293;2452;3084;18,22;14,16;9913,6667;7 821,6667;1,2675;58,6199;1,2040;-;Nie;0,0124448014
