Kod;Elementarne grupy zawodów;Bezrobotni ogółem - napływ w okresie;Bezrobotni ogółem - odpływ w okresie;Bezrobotni ogółem - stan na koniec okresu;Bezrobotni długotrwale - stan na koniec okresu;Napływ ofert pracy w okresie - PUP;Napływ ofert pracy w okresie - Internet;Odsetek ofert subsydiowanych (%);Odsetek wolnych miejsc pracy i miejsc aktywizacji zawodowej (%);Średniomiesięczna liczba bezrobotnych;Średniomiesięczna liczba ofert pracy;Wskaźnik dostępności ofert pracy;Wskaźnik długotrwałego bezrobocia;Wskaźnik płynności bezrobotnych;Deficyt/ równowaga/ nadwyżka- rok;Czy uwzględniono w dalszej analizie;Wartość wskaźnika struktury sumy bezrobotnych i ofert pracy
0110;Oficerowie sił zbrojnych;38;42;48;26;0;0;;0,00;50;0;;54,1667;1,1053;-;Nie;0,0000325708
0210;Podoficerowie sił zbrojnych;3;6;9;5;0;0;;0,00;11;0;;55,5556;2,0000;-;Nie;0,0000072260
0310;Żołnierze szeregowi;668;745;747;329;0;0;;0,00;836;0;;44,0428;1,1153;-;Nie;0,0005411935
1111;Przedstawiciele władz publicznych;12;10;19;6;1;6;0,00;0,00;16;1;13,2857;31,5789;0,8333;-;Nie;0,0000107850
1112;Wyżsi urzędnicy administracji rządowej;19;21;16;6;0;5;0,00;0,00;18;1;21,0000;37,5000;1,1053;-;Nie;0,0000118635
1113;Wyżsi urzędnicy władz samorządowych;27;25;26;7;5;0;0,00;0,00;26;1;31,0000;26,9231;0,9259;-;Nie;0,0000172561
1114;Zawodowi działacze organizacji członkowskich;4;3;2;0;1;0;0,00;0,00;2;0;14,0000;0,0000;0,7500;-;Nie;0,0000016178
1120;Dyrektorzy generalni i zarządzający;1291;1296;2298;1119;358;1063;0,14;0,24;2364;237;9,9831;48,6945;1,0039;-;Nie;0,0016832217
1211;Kierownicy do spraw finansowych;253;264;366;123;279;592;0,11;0,15;391;145;2,6912;33,6066;1,0435;-;Nie;0,0003467391
1212;Kierownicy do spraw zarządzania zasobami ludzkimi;149;160;235;99;109;256;0,00;0,06;247;61;4,0630;42,1277;1,0738;-;Nie;0,0001993076
1213;Kierownicy do spraw strategii i planowania;448;485;767;350;75;211;0,00;0,05;797;48;16,7098;45,6323;1,0826;-;Nie;0,0005462624
1219;Kierownicy do spraw obsługi biznesu i zarządzania gdzie indziej niesklasyfikowani;505;477;801;367;246;894;0,18;0,19;831;190;4,3746;45,8177;0,9446;-;Nie;0,0006607996
1221;Kierownicy do spraw marketingu i sprzedaży;1054;1154;1601;663;462;1979;0,12;0,41;1739;407;4,2732;41,4116;1,0949;-;Nie;0,0013882508
1222;Kierownicy do spraw reklamy i public relations;53;62;72;30;9;24;3,03;0,01;81;6;14,6364;41,6667;1,1698;-;Nie;0,0000556508
1223;Kierownicy do spraw badań i rozwoju;47;58;81;37;64;103;0,60;0,03;88;28;3,1737;45,6790;1,2340;-;Nie;0,0000751718
1311;Kierownicy produkcji w rolnictwie i leśnictwie;37;31;45;18;28;28;0,00;0,01;44;9;4,6607;40,0000;0,8378;-;Nie;0,0000341886
1312;Kierownicy produkcji w zakładach akwakultury i rybołówstwie;3;3;2;1;2;0;0,00;0,00;2;0;5,5000;50,0000;1,0000;-;Nie;0,0000014021
1321;Kierownicy do spraw produkcji przemysłowej;291;305;454;192;528;599;0,18;0,19;476;188;2,5359;42,2907;1,0481;-;Nie;0,0004297840
1322;Kierownicy w górnictwie;13;14;16;8;1;0;0,00;0,00;17;0;103,0000;50,0000;1,0769;-;Nie;0,0000112164
1323;Kierownicy do spraw budownictwa;598;647;898;453;521;249;0,65;0,13;985;128;7,6753;50,4454;1,0819;-;Nie;0,0007204409
1324;Kierownicy do spraw logistyki i dziedzin pokrewnych;567;538;808;335;202;478;1,18;0,12;834;113;7,3559;41,4604;0,9489;-;Nie;0,0006128062
1330;Kierownicy do spraw technologii informatycznych i telekomunikacyjnych;90;97;131;63;299;149;16,74;0,08;139;75;1,8594;48,0916;1,0778;-;Nie;0,0001381564
1341;Kierownicy w instytucjach opieki nad dziećmi;22;14;19;2;18;29;2,13;0,01;15;8;1,8936;10,5263;0,6364;-;Nie;0,0000146677
1342;Kierownicy w instytucjach opieki zdrowotnej;14;20;24;10;9;40;0,00;0,01;30;8;3,6531;41,6667;1,4286;-;Nie;0,0000245899
1343;Kierownicy w instytucjach opieki nad osobami starszymi;0;0;0;0;1;0;0,00;0,00;0;0;0,0000;;;max deficyt;Nie;0,0000001079
1344;Kierownicy w instytucjach pomocy społecznej;4;7;3;2;10;6;0,00;0,00;6;3;2,0625;66,6667;1,7500;-;Nie;0,0000052847
1345;Kierownicy w instytucjach edukacyjnych;25;24;42;11;15;67;0,00;0,01;40;14;2,9268;26,1905;0,9600;-;Nie;0,0000347278
1346;Kierownicy w instytucjach finansowych i ubezpieczeniowych;89;76;127;42;42;272;0,00;0,05;125;52;2,3854;33,0709;0,8539;-;Nie;0,0001146450
1349;Kierownicy w instytucjach usług wyspecjalizowanych gdzie indziej niesklasyfikowani;296;295;600;326;32;72;0,00;0,02;603;17;34,7788;54,3333;0,9966;nadwyżka;Tak;0,0004013115
1411;Kierownicy w hotelarstwie;111;138;187;88;39;72;0,00;0,02;196;19;10,6126;47,0588;1,2432;-;Nie;0,0001390192
1412;Kierownicy w gastronomii;217;212;269;93;102;99;0,50;0,03;275;34;8,2090;34,5725;0,9770;-;Nie;0,0001996312
1420;Kierownicy w handlu detalicznym i hurtowym;664;402;705;157;489;1163;0,67;0,28;566;275;2,0563;22,2695;0,6054;-;Nie;0,0005445368
1431;Kierownicy do spraw sportu, rekreacji i rozrywki;67;60;66;17;14;24;0,00;0,01;70;6;11,0000;25,7576;0,8955;-;Nie;0,0000491798
1439;Kierownicy do spraw innych typów usług gdzie indziej niesklasyfikowani;1170;1222;2031;1038;304;196;0,60;0,08;2113;83;25,3540;51,1078;1,0444;-;Nie;0,0014211452
2111;Fizycy i astronomowie;224;233;304;153;5;10;0,00;0,00;313;3;125,0000;50,3289;1,0402;-;Nie;0,0002038373
2112;Meteorolodzy;13;11;15;5;3;6;0,00;0,00;15;2;10,1111;33,3333;0,8462;-;Nie;0,0000107850
2113;Chemicy;991;1234;1318;644;73;93;0,00;0,03;1488;28;53,7952;48,8619;1,2452;-;Nie;0,0009810075
2114;Specjaliści nauk o Ziemi;918;1123;968;436;15;11;3,85;0,00;1151;4;265,5000;45,0413;1,2233;-;Nie;0,0007472957
2120;Matematycy, aktuariusze i statystycy;549;682;710;370;8;41;0,00;0,01;788;8;96,5306;52,1127;1,2423;-;Nie;0,0005154172
2131;Biolodzy i pokrewni;1473;1884;1561;627;59;17;0,00;0,01;1851;13;146,1184;40,1666;1,2790;-;Nie;0,0012058757
2132;Specjaliści w zakresie rolnictwa, leśnictwa i pokrewni;2541;3150;3526;1829;147;29;0,00;0,03;3975;29;135,5114;51,8718;1,2397;-;Nie;0,0025912145
2133;Specjaliści do spraw ochrony środowiska;1467;1848;1556;702;73;43;1,72;0,02;1827;19;94,4828;45,1157;1,2597;-;Nie;0,0011945514
2141;Inżynierowie do spraw przemysłu i produkcji;1602;1806;1601;622;870;1807;0,15;0,45;1797;446;4,0280;38,8507;1,1273;-;Nie;0,0014516668
2142;Inżynierowie budownictwa;2616;2876;2233;795;637;394;0,78;0,17;2588;172;15,0621;35,6023;1,0994;-;Nie;0,0017860032
2143;Inżynierowie inżynierii środowiska;2169;2669;2179;960;159;71;0,43;0,04;2601;38;67,8478;44,0569;1,2305;-;Nie;0,0017078116
2144;Inżynierowie mechanicy;1632;1859;2314;1207;476;712;0,08;0,20;2512;198;12,6886;52,1608;1,1391;-;Nie;0,0017538637
2145;Inżynierowie chemicy i pokrewni;1122;1321;1321;581;84;77;0,00;0,03;1469;27;54,7391;43,9818;1,1774;-;Nie;0,0009678498
2146;Inżynierowie górnictwa i metalurgii;383;437;487;233;7;48;0,00;0,01;537;9;58,5273;47,8439;1,1410;-;Nie;0,0003531023
2149;Inżynierowie gdzie indziej niesklasyfikowani;2078;2288;2084;831;358;644;0,30;0,17;2296;167;13,7475;39,8752;1,1011;-;Nie;0,0015937058
2151;Inżynierowie elektrycy;640;668;816;404;280;458;0,41;0,13;867;123;7,0474;49,5098;1,0438;-;Nie;0,0006405237
2152;Inżynierowie elektronicy;555;578;597;243;73;207;0,00;0,05;620;47;13,2857;40,7035;1,0414;-;Nie;0,0004314017
2153;Inżynierowie telekomunikacji;176;172;276;129;68;109;0,00;0,03;273;30;9,2542;46,7391;0,9773;-;Nie;0,0001957485
2161;Architekci;1495;1579;1587;583;187;65;2,38;0,04;1759;42;41,8889;36,7360;1,0562;-;Nie;0,0011656475
2162;Architekci krajobrazu;438;493;384;124;21;0;0,00;0,00;468;4;133,6190;32,2917;1,1256;-;Nie;0,0003048932
2163;Projektanci wzornictwa przemysłowego i odzieży;315;287;431;193;139;94;2,15;0,04;438;39;11,2747;44,7796;0,9111;-;Nie;0,0003084522
2164;Urbaniści i inżynierowie ruchu drogowego;105;126;90;32;12;0;0,00;0,00;110;2;55,0833;35,5556;1,2000;-;Nie;0,0000725833
2165;Kartografowie i geodeci;1062;1100;857;276;124;25;4,03;0,03;983;25;39,5973;32,2054;1,0358;-;Nie;0,0006523873
2166;Projektanci grafiki i multimediów;1070;1046;1245;526;592;293;2,26;0,15;1334;148;9,0429;42,2490;0,9776;-;Nie;0,0009585746
2211;Lekarze bez specjalizacji, w trakcie specjalizacji lub ze specjalizacją I stopnia;203;900;202;38;66;147;0,00;0,04;326;36;9,1878;18,8119;4,4335;-;Nie;0,0002340354
2212;Lekarze specjaliści (ze specjalizacją II stopnia lub tytułem specjalisty);72;162;95;35;54;74;0,00;0,02;119;21;5,5781;36,8421;2,2500;-;Nie;0,0000908101
2221;Pielęgniarki bez specjalizacji lub w trakcie specjalizacji;1778;2190;2843;1520;987;34;0,78;0,17;3091;170;18,1665;53,4647;1,2317;-;Nie;0,0021105251
2222;Pielęgniarki z tytułem specjalisty;42;49;62;33;234;17;0,00;0,04;65;42;1,5578;53,2258;1,1667;-;Nie;0,0000692400
2231;Położne bez specjalizacji lub w trakcie specjalizacji;288;356;532;290;123;0;0,00;0,02;571;21;27,8537;54,5113;1,2361;-;Nie;0,0003827612
2232;Położne z tytułem specjalisty;14;17;13;4;34;0;0,00;0,01;17;6;3,0000;30,7692;1,2143;-;Nie;0,0000146677
2240;Specjaliści do spraw ratownictwa medycznego;52;86;59;24;10;12;0,00;0,00;72;4;19,6364;40,6780;1,6538;-;Nie;0,0000489641
2251;Lekarze weterynarii bez specjalizacji lub w trakcie specjalizacji;590;585;275;78;103;16;2,52;0,02;355;20;17,9160;28,3636;0,9915;-;Nie;0,0002427713
2252;Lekarze weterynarii specjaliści;13;11;6;0;5;17;0,00;0,00;5;4;1,4545;0,0000;0,8462;-;Nie;0,0000058239
2261;Lekarze dentyści bez specjalizacji, w trakcie specjalizacji lub ze specjalizacją I stopnia;68;73;70;19;8;6;0,00;0,00;75;2;32,2143;27,1429;1,0735;-;Nie;0,0000501505
2262;Lekarze dentyści specjaliści (ze specjalizacją II stopnia lub tytułem specjalisty);23;48;42;28;1;12;0,00;0,00;54;2;24,6923;66,6667;2,0870;-;Nie;0,0000360220
2271;Diagności laboratoryjni bez specjalizacji lub w trakcie specjalizacji;92;126;75;32;37;0;2,70;0,01;86;6;13,9189;42,6667;1,3696;-;Nie;0,0000595334
2272;Diagności laboratoryjni specjaliści;42;69;49;19;12;6;0,00;0,00;64;3;21,1667;38,7755;1,6429;-;Nie;0,0000430323
2281;Farmaceuci bez specjalizacji lub w trakcie specjalizacji;61;29;34;1;71;68;0,00;0,02;17;23;0,7338;2,9412;0,4754;-;Nie;0,0000259920
2282;Farmaceuci specjaliści;123;196;169;83;45;113;0,00;0,03;210;26;7,9684;49,1124;1,5935;-;Nie;0,0001528241
2291;Specjaliści do spraw higieny, bezpieczeństwa pracy i ochrony środowiska;786;868;761;286;72;114;2,69;0,03;848;31;27,3602;37,5821;1,1043;-;Nie;0,0005689110
2292;Fizjoterapeuci;2340;2934;1885;649;742;26;2,47;0,13;2330;128;18,1992;34,4297;1,2538;-;Nie;0,0015902546
2293;Dietetycy i specjaliści do spraw żywienia;266;322;276;116;19;0;5,26;0,00;318;3;100,2632;42,0290;1,2105;-;Nie;0,0002075042
2294;Audiofonolodzy i logopedzi;95;93;98;32;117;0;0,00;0,02;98;20;5,0427;32,6531;0,9789;-;Nie;0,0000762503
2295;Optometryści;6;3;5;0;12;12;4,17;0,00;4;4;0,8750;0,0000;0,5000;-;Nie;0,0000048533
2299;Specjaliści ochrony zdrowia gdzie indziej niesklasyfikowani;1047;1204;909;309;153;59;1,89;0,04;1077;35;30,4906;33,9934;1,1500;-;Nie;0,0007200095
2310;Nauczyciele akademiccy;156;177;293;145;19;12;0,00;0,01;305;5;59,0000;49,4881;1,1346;-;Nie;0,0002006018
2320;Nauczyciele kształcenia zawodowego;283;314;599;338;256;6;0,00;0,04;617;44;14,1298;56,4274;1,1095;-;Nie;0,0004275191
2330;Nauczyciele gimnazjów i szkół ponadgimnazjalnych (z wyjątkiem nauczycieli kształcenia zawodowego);6309;7206;9769;5149;1019;30;0,48;0,18;10270;175;58,7417;52,7075;1,1422;-;Nie;0,0067588788
2341;Nauczyciele szkół podstawowych;2078;2307;3442;1920;446;0;0,22;0,08;3548;74;47,7242;55,7815;1,1102;-;Nie;0,0023436978
2342;Specjaliści do spraw wychowania małego dziecka;1596;1778;2439;1234;682;0;3,08;0,12;2527;114;22,2287;50,5945;1,1140;-;Nie;0,0017085666
2351;Wizytatorzy i specjaliści metod nauczania;58;64;76;34;56;24;0,00;0,01;84;13;6,3250;44,7368;1,1034;-;Nie;0,0000632004
2352;Nauczyciele szkół specjalnych;221;251;284;134;154;0;3,90;0,03;292;26;11,3571;47,1831;1,1357;-;Nie;0,0002052394
2353;Lektorzy języków obcych;133;110;157;45;408;28;0,00;0,07;145;73;2,0000;28,6624;0,8271;-;Nie;0,0001410684
2354;Nauczyciele muzyki w placówkach pozaszkolnych;11;5;14;4;28;0;0,00;0,00;9;5;1,9286;28,5714;0,4545;-;Nie;0,0000088437
2355;Nauczyciele sztuki w placówkach pozaszkolnych;104;110;175;99;139;0;0,72;0,02;181;23;7,8201;56,5714;1,0577;-;Nie;0,0001322246
2356;Instruktorzy technologii informatycznych;2;2;4;1;1;6;0,00;0,00;5;1;3,8571;25,0000;1,0000;-;Nie;0,0000036669
2359;Specjaliści nauczania i wychowania gdzie indziej niesklasyfikowani;8666;10116;11448;5845;975;233;0,66;0,20;12545;201;62,3096;51,0570;1,1673;-;Nie;0,0082481854
2411;Specjaliści do spraw księgowości i rachunkowości;1893;2079;2006;829;225;2599;0,00;0,48;2158;471;4,5853;41,3260;1,0983;-;Nie;0,0017011249
2412;Doradcy finansowi i inwestycyjni;537;571;727;335;2373;1625;0,13;0,68;756;666;1,1343;46,0798;1,0633;-;Nie;0,0009202877
2413;Analitycy finansowi;2695;3305;3928;1976;420;1611;0,05;0,34;4352;339;12,8562;50,3055;1,2263;-;Nie;0,0030351269
2421;Specjaliści do spraw zarządzania i organizacji;8575;10114;9263;3842;1315;2040;0,54;0,57;10479;559;18,7407;41,4768;1,1795;-;Nie;0,0071429342
2422;Specjaliści do spraw administracji i rozwoju;11027;13322;13685;7067;666;1069;0,81;0,29;15434;289;53,3729;51,6405;1,2081;-;Nie;0,0101742863
2423;Specjaliści do spraw zarządzania zasobami ludzkimi;1755;2043;2190;960;980;2264;0,46;0,55;2385;541;4,4103;43,8356;1,1641;-;Nie;0,0018928829
2424;Specjaliści do spraw szkoleń zawodowych i rozwoju kadr;234;221;250;79;132;151;0,35;0,05;249;47;5,2792;31,6000;0,9444;-;Nie;0,0001916502
2431;Specjaliści do spraw reklamy i marketingu;4257;4704;6485;3332;1905;1980;0,82;0,66;6957;648;10,7449;51,3801;1,1050;-;Nie;0,0049211074
2432;Specjaliści do spraw public relations;216;246;250;106;27;100;0,79;0,02;273;21;12,9055;42,4000;1,1389;-;Nie;0,0001904639
2433;Specjaliści do spraw sprzedaży (z wyłączeniem technologii informacyjno-komunikacyjnych);2085;2041;2338;780;3127;6594;0,50;1,65;2406;1 620;1,4848;33,3618;0,9789;-;Nie;0,0026051272
2434;Specjaliści do spraw sprzedaży z dziedziny technologii teleinformatycznych;32;34;39;15;32;147;0,56;0,03;42;30;1,4190;38,4615;1,0625;-;Nie;0,0000466992
2440;Specjaliści do spraw rynku nieruchomości;581;633;761;355;265;331;0,34;0,10;816;99;8,2148;46,6491;1,0895;-;Nie;0,0005923146
2511;Analitycy systemów komputerowych;125;135;119;42;620;830;0,14;0,25;137;242;0,5655;35,2941;1,0800;deficyt;Tak;0,0002448205
2512;Specjaliści do spraw rozwoju systemów informatycznych;254;245;265;113;1023;1062;1,49;0,35;273;348;0,7851;42,6415;0,9646;-;Nie;0,0004014193
2513;Projektanci aplikacji sieciowych i multimediów;31;29;35;13;72;374;0,22;0,08;37;74;0,4955;37,1429;0,9355;-;Nie;0,0000719362
2514;Programiści aplikacji;316;306;311;105;785;2644;0,00;0,58;329;572;0,5748;33,7621;0,9684;-;Nie;0,0005823923
2519;Analitycy systemów komputerowych i programiści gdzie indziej niesklasyfikowani;1558;1751;1923;902;953;986;3,35;0,33;2062;323;6,3796;46,9059;1,1239;-;Nie;0,0015432318
2521;Projektanci i administratorzy baz danych;183;220;235;110;178;664;0,71;0,14;281;140;2,0048;46,8085;1,2022;-;Nie;0,0002728616
2522;Administratorzy systemów komputerowych;104;80;112;40;126;622;0,27;0,13;108;125;0,8650;35,7143;0,7692;-;Nie;0,0001504514
2523;Specjaliści do spraw sieci komputerowych;443;529;577;285;443;400;7,35;0,14;637;141;4,5350;49,3934;1,1941;-;Nie;0,0005032301
2529;Specjaliści do spraw baz danych i sieci komputerowych gdzie indziej niesklasyfikowani;26;21;21;4;35;237;0,00;0,05;18;45;0,4007;19,0476;0,8077;-;Nie;0,0000410910
2611;Adwokaci, radcy prawni i prokuratorzy;201;117;202;52;52;301;0,00;0,06;159;59;2,6941;25,7426;0,5821;-;Nie;0,0001406370
2612;Sędziowie;4;0;7;3;0;0;;0,00;5;0;;42,8571;0,0000;-;Nie;0,0000029120
2619;Specjaliści z dziedziny prawa gdzie indziej niesklasyfikowani;3426;3934;4135;1818;457;333;0,38;0,13;4502;132;34,1911;43,9661;1,1483;-;Nie;0,0029983499
2621;Archiwiści i muzealnicy;344;462;444;259;119;13;0,76;0,02;525;22;23,8409;58,3333;1,3430;-;Nie;0,0003536416
2622;Bibliotekoznawcy i specjaliści zarządzania informacją;337;412;532;288;18;92;0,00;0,02;587;18;32,0182;54,1353;1,2226;-;Nie;0,0003917128
2631;Ekonomiści;7943;9618;11808;6493;100;30;0,00;0,02;13048;22;602,2000;54,9881;1,2109;-;Nie;0,0084571996
2632;Archeolodzy, socjolodzy i specjaliści dziedzin pokrewnych;2722;3228;3252;1597;6;23;0,00;0,00;3700;5;765,4483;49,1082;1,1859;-;Nie;0,0023971916
2633;Filozofowie, historycy i politolodzy;3643;4443;4873;2641;4;5;0,00;0,00;5499;2;3666,1111;54,1966;1,2196;-;Nie;0,0035594957
2634;Psycholodzy i pokrewni;1044;1157;1049;359;288;10;1,34;0,05;1157;50;23,2953;34,2231;1,1082;-;Nie;0,0007808371
2635;Specjaliści do spraw społecznych;1447;1836;1612;743;58;41;0,00;0,02;1879;17;113,8586;46,0918;1,2688;-;Nie;0,0012263673
2636;Duchowni i osoby konsekrowane;17;20;26;16;1;0;0,00;0,00;28;0;169,0000;61,5385;1,1765;-;Nie;0,0000183346
2641;Literaci i inni autorzy tekstów;167;185;258;130;29;52;0,00;0,01;276;14;20,4074;50,3876;1,1078;-;Nie;0,0001870127
2642;Dziennikarze;1025;1191;1145;533;117;104;1,36;0,04;1292;37;35,0860;46,5502;1,1620;-;Nie;0,0008601072
2643;Filolodzy i tłumacze;3069;3775;3720;1695;170;165;0,60;0,06;4183;56;74,9134;45,5645;1,2300;-;Nie;0,0027427444
2651;Artyści plastycy;668;750;1017;537;73;46;0,00;0,02;1114;20;56,1597;52,8024;1,1228;-;Nie;0,0007335986
2652;Kompozytorzy, artyści muzycy i śpiewacy;237;248;328;168;35;0;2,86;0,01;337;6;57,7429;51,2195;1,0464;-;Nie;0,0002217405
2653;Choreografowie i tancerze;18;18;20;9;18;0;0,00;0,00;20;3;6,6667;45,0000;1,0000;-;Nie;0,0000148834
2654;Producenci filmowi, reżyserzy i pokrewni;99;99;123;62;8;6;0,00;0,00;137;2;58,5000;50,4065;1,0000;-;Nie;0,0000898394
2655;Aktorzy;109;115;126;55;5;0;0,00;0,00;128;1;153,6000;43,6508;1,0550;-;Nie;0,0000833684
2656;Prezenterzy radiowi, telewizyjni i pokrewni;44;49;64;38;17;0;0,00;0,00;70;3;24,7647;59,3750;1,1136;-;Nie;0,0000472385
2659;Twórcy i artyści gdzie indziej niesklasyfikowani;5;4;9;7;5;0;0,00;0,00;11;1;13,6000;77,7778;0,8000;nadwyżka;Nie;0,0000078731
3111;Technicy nauk chemicznych, fizycznych i pokrewni;2089;2414;3301;1918;380;46;2,11;0,07;3639;71;51,2465;58,1036;1,1556;-;Nie;0,0024004271
3112;Technicy budownictwa;7392;9297;11087;6177;648;163;0,86;0,14;12753;135;94,3502;55,7139;1,2577;-;Nie;0,0083399661
3113;Technicy elektrycy;3144;3735;4629;2534;679;296;0,51;0,17;5161;163;31,7600;54,7418;1,1880;-;Nie;0,0034448507
3114;Technicy elektronicy i pokrewni;3096;3566;4123;2092;599;109;1,55;0,12;4533;118;38,4153;50,7398;1,1518;-;Nie;0,0030096742
3115;Technicy mechanicy;14772;18351;22112;12234;1037;414;1,24;0,25;25081;242;103,7099;55,3274;1,2423;-;Nie;0,0163861477
3116;Technicy technologii chemicznej i pokrewni;568;636;1216;773;59;35;1,06;0,02;1284;16;81,9362;63,5691;1,1197;-;Nie;0,0008408020
3117;Technicy górnictwa, metalurgii i pokrewni;392;501;631;359;46;11;0,00;0,01;711;10;74,8596;56,8938;1,2781;-;Nie;0,0004663453
3118;Kreślarze;130;152;233;144;62;18;0,00;0,01;251;13;18,8125;61,8026;1,1692;-;Nie;0,0001709429
3119;Technicy nauk fizycznych i technicznych gdzie indziej niesklasyfikowani;6103;7020;11103;6611;1634;608;0,80;0,38;11982;374;32,0647;59,5425;1,1503;-;Nie;0,0079950605
3121;Osoby dozoru ruchu w górnictwie;2;0;3;1;6;0;0,00;0,00;2;1;2,0000;33,3333;0,0000;-;Nie;0,0000019413
3122;Mistrzowie produkcji w przemyśle przetwórczym;252;305;439;256;210;140;0,57;0,06;480;58;8,2257;58,3144;1,2103;-;Nie;0,0003482490
3123;Mistrzowie produkcji w budownictwie;319;381;634;414;58;29;0,00;0,01;715;15;49,2759;65,2997;1,1944;-;Nie;0,0004717378
3131;Operatorzy urządzeń energetycznych;410;400;684;387;37;0;0,00;0,01;722;6;117,1351;56,5789;0,9756;nadwyżka;Tak;0,0004714142
3132;Operatorzy urządzeń do spalania odpadów, uzdatniania wody i pokrewni;203;266;348;208;115;6;4,13;0,02;386;20;19,1570;59,7701;1,3103;-;Nie;0,0002630472
3133;Kontrolerzy (sterowniczy) procesów w przemyśle chemicznym;36;40;48;25;21;0;0,00;0,00;52;4;14,8095;52,0833;1,1111;-;Nie;0,0000358063
3134;Kontrolerzy (sterowniczy) procesów przeróbki ropy naftowej i gazu;4;2;3;0;0;0;;0,00;2;0;;0,0000;0,5000;-;Nie;0,0000012942
3135;Kontrolerzy (sterowniczy) procesów metalurgicznych;11;14;16;7;8;0;0,00;0,00;20;1;15,1250;43,7500;1,2727;-;Nie;0,0000139127
3139;Kontrolerzy (sterowniczy) procesów przemysłowych gdzie indziej niesklasyfikowani;521;555;579;270;1617;65;2,38;0,29;624;280;2,2247;46,6321;1,0653;-;Nie;0,0005849807
3141;Technicy nauk biologicznych (z wyłączeniem nauk medycznych);65;73;77;30;37;0;5,41;0,01;83;6;13,5135;38,9610;1,1231;-;Nie;0,0000579157
3142;Technicy rolnictwa i pokrewni;7020;9039;13374;8570;46;18;0,00;0,01;14961;11;1402,5937;64,0796;1,2876;-;Nie;0,0096882044
3143;Technicy leśnictwa;648;921;861;403;13;0;0,00;0,00;1054;2;486,2308;46,8060;1,4213;-;Nie;0,0006831246
3144;Technicy technologii żywności;3362;4128;6039;3657;222;55;0,36;0,05;6605;46;143,0614;60,5564;1,2278;-;Nie;0,0043037715
3151;Pracownicy służb technicznych żeglugi;143;157;150;71;2;0;0,00;0,00;163;0;487,5000;47,3333;1,0979;-;Nie;0,0001053699
3152;Oficerowie pokładowi, piloci żeglugi i pokrewni;226;247;214;79;16;0;0,00;0,00;221;3;82,7500;36,9159;1,0929;-;Nie;0,0001445196
3153;Piloci statków powietrznych i personel pokrewny;133;149;173;81;27;0;0,00;0,00;179;5;39,7037;46,8208;1,1203;-;Nie;0,0001185276
3154;Kontrolerzy ruchu lotniczego i personel pokrewny;21;32;42;24;14;17;3,23;0,01;48;5;9,1935;57,1429;1,5238;-;Nie;0,0000340807
3155;Technicy urządzeń ruchu lotniczego;18;12;24;16;0;0;;0,00;22;0;;66,6667;0,6667;max nadwyżka;Nie;0,0000142363
3211;Operatorzy aparatury medycznej;285;354;417;194;66;0;1,52;0,01;460;11;41,8182;46,5228;1,2421;-;Nie;0,0003047853
3212;Technicy analityki medycznej;230;305;508;332;18;6;0,00;0,00;548;4;137,0417;65,3543;1,3261;-;Nie;0,0003573085
3213;Technicy farmaceutyczni;1234;1713;1253;539;427;116;1,66;0,09;1536;91;16,9669;43,0168;1,3882;-;Nie;0,0010521888
3214;Technicy medyczni i dentystyczni;561;595;811;402;145;57;1,49;0,03;854;34;25,3515;49,5684;1,0606;-;Nie;0,0005740879
3220;Dietetycy i żywieniowcy;6012;7996;9536;5674;87;18;0,95;0,02;11041;18;630,8952;59,5008;1,3300;-;Nie;0,0071557684
3230;Praktykujący niekonwencjonalne lub komplementarne metody terapii;135;171;179;100;157;0;0,00;0,03;211;26;8,0446;55,8659;1,2667;-;Nie;0,0001531476
3240;Technicy weterynarii;310;392;395;188;55;11;3,03;0,01;466;11;42,3788;47,5949;1,2645;-;Nie;0,0003087758
3251;Asystenci dentystyczni;535;612;766;372;248;12;3,08;0,04;839;43;19,3538;48,5640;1,1439;-;Nie;0,0005707445
3252;Środowiskowi pracownicy ochrony zdrowia;11;10;11;5;39;0;2,56;0,01;11;7;1,6410;45,4545;0,9091;-;Nie;0,0000111086
3253;Optycy okularowi;88;91;132;68;64;6;1,43;0,01;141;12;12,0857;51,5152;1,0341;-;Nie;0,0000987910
3254;Technicy fizjoterapii i masażyści;1463;1873;1992;1033;305;10;0,95;0,05;2312;53;44,0444;51,8574;1,2802;-;Nie;0,0015302898
3255;Średni personel ochrony środowiska, medycyny pracy i bhp;2301;2909;3309;1881;162;106;1,49;0,05;3752;45;83,9925;56,8450;1,2642;-;Nie;0,0024566172
3256;Ratownicy medyczni;729;952;658;266;101;0;2,97;0,02;816;17;48,4752;40,4255;1,3059;-;Nie;0,0005389286
3259;Średni personel do spraw zdrowia gdzie indziej niesklasyfikowany;1715;2072;3116;1954;938;18;2,20;0,16;3378;159;21,1977;62,7086;1,2082;-;Nie;0,0022886940
3311;Dealerzy i maklerzy aktywów finansowych;94;109;159;87;220;98;0,00;0,05;171;53;3,2296;54,7170;1,1596;-;Nie;0,0001450588
3312;Pracownicy do spraw kredytów, pożyczek i pokrewni;619;697;1013;507;176;379;0,18;0,09;1097;93;11,8631;50,0494;1,1260;-;Nie;0,0007699442
3313;Księgowi;3123;3399;5662;3015;2330;1700;1,17;0,68;5926;672;8,8226;53,2497;1,0884;-;Nie;0,0042692594
3314;Średni personel do spraw statystyki i dziedzin pokrewnych;17878;22334;30507;18394;63;82;0,00;0,02;33838;24;1400,1862;60,2944;1,2492;-;Nie;0,0219121882
3315;Rzeczoznawcy (z wyłączeniem majątkowych);86;107;148;69;24;138;0,00;0,03;166;27;6,1543;46,6216;1,2442;-;Nie;0,0001249987
3321;Agenci ubezpieczeniowi;443;480;664;353;964;604;0,38;0,27;719;261;2,7506;53,1627;1,0835;-;Nie;0,0006342684
3322;Przedstawiciele handlowi;4108;4410;5587;2511;10046;4751;0,57;2,51;5950;2 466;2,4128;44,9436;1,0735;-;Nie;0,0054463390
3323;Zaopatrzeniowcy;1206;1280;2086;1111;813;251;2,16;0,18;2200;177;12,4051;53,2598;1,0614;-;Nie;0,0015382707
3324;Pośrednicy handlowi;194;237;359;183;340;30;0,27;0,06;390;62;6,3162;50,9749;1,2216;-;Nie;0,0002919511
3331;Spedytorzy i pokrewni;2023;2420;2043;826;1393;686;1,39;0,35;2360;347;6,8114;40,4307;1,1962;-;Nie;0,0017514910
3332;Organizatorzy konferencji i imprez;127;138;159;75;66;13;1,27;0,01;175;13;13,2785;47,1698;1,0866;-;Nie;0,0001216553
3333;Pośrednicy pracy i zatrudnienia;95;82;88;35;726;17;0,00;0,13;98;124;0,7941;39,7727;0,8632;-;Nie;0,0001437646
3334;Agenci i administratorzy nieruchomości;139;122;149;56;163;114;3,61;0,05;150;46;3,2455;37,5839;0,8777;-;Nie;0,0001268321
3339;Pośrednicy usług biznesowych gdzie indziej niesklasyfikowani;572;672;852;467;3148;309;0,06;0,59;936;576;1,6251;54,8122;1,1748;-;Nie;0,0009787427
3341;Kierownicy biura;232;215;305;108;59;99;0,63;0,03;324;26;12,3101;35,4098;0,9267;-;Nie;0,0002268095
3342;Sekretarze prawni;34;26;27;7;25;11;2,78;0,01;26;6;4,3056;25,9259;0,7647;-;Nie;0,0000205994
3343;Pracownicy administracyjni i sekretarze biura zarządu;4903;5939;8330;4978;1512;692;1,09;0,37;9141;367;24,8852;59,7599;1,2113;-;Nie;0,0061529751
3344;Sekretarze medyczni i pokrewni;184;199;341;187;86;0;4,65;0,01;356;14;24,8140;54,8387;1,0815;-;Nie;0,0002394280
3351;Funkcjonariusze celni i ochrony granic;71;77;134;73;1;0;0,00;0,00;143;0;857,0000;54,4776;1,0845;-;Nie;0,0000925357
3352;Urzędnicy do spraw podatków;40;28;69;30;19;0;0,00;0,00;67;3;21,0526;43,4783;0,7000;-;Nie;0,0000451893
3353;Urzędnicy do spraw świadczeń społecznych;30;37;60;38;50;0;0,00;0,01;58;8;7,0000;63,3333;1,2333;-;Nie;0,0000431402
3354;Urzędnicy organów udzielających licencji;4;3;5;1;1;0;0,00;0,00;5;0;32,0000;20,0000;0,7500;-;Nie;0,0000035591
3355;Policjanci;224;229;311;168;3;5;0,00;0,00;328;1;246,1250;54,0193;1,0223;-;Nie;0,0002132203
3356;Funkcjonariusze służby więziennej;59;66;87;41;109;0;0,00;0,02;95;18;5,2018;47,1264;1,1186;-;Nie;0,0000729069
3357;Funkcjonariusze służb specjalnych;34;41;55;32;0;0;;0,00;61;0;;58,1818;1,2059;-;Nie;0,0000393654
3359;Urzędnicy państwowi do spraw nadzoru gdzie indziej niesklasyfikowani;92;99;170;106;8;54;0,00;0,01;184;10;17,8387;62,3529;1,0761;-;Nie;0,0001259693
3411;Średni personel z dziedziny prawa i pokrewny;143;145;228;118;165;6;1,17;0,03;237;29;8,3041;51,7544;1,0140;-;Nie;0,0001715900
3412;Pracownicy wsparcia rodziny, pomocy społecznej i pracy socjalnej;2792;3126;4190;2400;5522;6;2,03;0,94;4518;921;4,9032;57,2792;1,1196;-;Nie;0,0035194832
3413;Pracownicy z zakresu działalności religijnej;7;8;12;9;4;0;0,00;0,00;12;1;17,5000;75,0000;1,1429;-;Nie;0,0000079809
3421;Sportowcy i dżokeje;75;76;87;27;13;0;0,00;0,00;94;2;43,3846;31,0345;1,0133;-;Nie;0,0000622297
3422;Trenerzy, instruktorzy i działacze sportowi;269;251;284;119;150;23;4,05;0,03;290;29;10,0578;41,9014;0,9331;-;Nie;0,0002063179
3423;Instruktorzy fitness i rekreacji ruchowej;360;390;369;149;457;31;1,02;0,08;422;81;5,1906;40,3794;1,0833;-;Nie;0,0003258162
3431;Fotografowie;787;922;1221;681;92;42;2,99;0,02;1353;22;60,5597;55,7740;1,1715;-;Nie;0,0008896582
3432;Plastycy, dekoratorzy wnętrz i pokrewni;1517;1706;2426;1347;362;47;1,71;0,07;2595;68;38,0660;55,5235;1,1246;-;Nie;0,0017232342
3433;Pracownicy bibliotek, galerii, muzeów, informacji naukowej i pokrewni;385;448;701;423;170;6;1,14;0,03;751;29;25,5966;60,3424;1,1636;-;Nie;0,0005048479
3434;Szefowie kuchni i organizatorzy usług gastronomicznych;1818;2472;2142;1001;260;102;1,10;0,06;2611;60;43,2680;46,7320;1,3597;-;Nie;0,0017283032
3435;Aktorzy cyrkowi i pokrewni;6;9;13;7;14;0;0,00;0,00;15;2;6,3571;53,8462;1,5000;-;Nie;0,0000111086
3436;Muzycy i pokrewni;238;246;385;200;24;0;0,00;0,00;392;4;98,0833;51,9481;1,0336;-;Nie;0,0002564683
3437;Tancerze;30;30;39;19;24;0;0,00;0,00;38;4;9,5417;48,7179;1,0000;-;Nie;0,0000272862
3439;Średni personel w zakresie działalności artystycznej i kulturalnej gdzie indziej niesklasyfikowany;415;481;504;254;491;12;0,40;0,09;555;84;6,6183;50,3968;1,1590;-;Nie;0,0004132829
3511;Operatorzy urządzeń teleinformatycznych;214;272;169;65;73;15;0,00;0,01;215;15;14,6477;38,4615;1,2710;-;Nie;0,0001485100
3512;Technicy wsparcia informatycznego i technicznego;5421;6701;6139;3065;577;583;1,12;0,20;7249;193;37,4931;49,9267;1,2361;-;Nie;0,0048157375
3513;Operatorzy sieci i systemów komputerowych;180;230;301;171;33;12;4,44;0,01;335;8;44,7111;56,8106;1,2778;-;Nie;0,0002218483
3514;Technicy sieci internetowych;95;94;88;31;155;88;2,88;0,04;91;41;2,2346;35,2273;0,9895;-;Nie;0,0000847704
3521;Operatorzy urządzeń do rejestracji i transmisji obrazu i dźwięku;272;284;366;195;100;13;3,54;0,02;404;19;21,4248;53,2787;1,0441;-;Nie;0,0002732930
3522;Operatorzy urządzeń telekomunikacyjnych;549;657;900;495;128;19;0,00;0,02;994;25;40,5850;55,0000;1,1967;-;Nie;0,0006592897
4110;Pracownicy obsługi biurowej;16085;17455;25806;13986;10864;530;2,40;1,93;27357;1 899;14,4059;54,1967;1,0852;-;Nie;0,0189315258
4120;Sekretarki (ogólne);1611;1745;2626;1428;769;328;1,00;0,19;2767;183;15,1358;54,3793;1,0832;-;Nie;0,0019090605
4131;Maszynistki i operatorzy edytorów tekstu;129;151;299;189;13;27;2,50;0,01;321;7;48,1000;63,2107;1,1705;-;Nie;0,0002118183
4132;Operatorzy wprowadzania danych;219;271;283;142;328;18;0,87;0,06;324;58;5,6098;50,1767;1,2374;-;Nie;0,0002466539
4211;Kasjerzy bankowi i pokrewni;2036;2008;2944;1337;647;122;0,39;0,13;3008;128;23,4681;45,4144;0,9862;-;Nie;0,0020293137
4212;Bukmacherzy, krupierzy i pokrewni;125;116;177;87;89;12;0,00;0,02;181;17;10,7228;49,1525;0,9280;-;Nie;0,0001276949
4213;Pracownicy lombardów i instytucji pożyczkowych;45;43;51;25;118;0;0,00;0,02;52;20;2,6271;49,0196;0,9556;-;Nie;0,0000461600
4214;Windykatorzy i pokrewni;312;328;477;246;314;293;0,16;0,10;506;101;4,9984;51,5723;1,0513;-;Nie;0,0003926834
4221;Konsultanci i inni pracownicy biur podróży;1355;1725;1934;1094;137;68;2,44;0,03;2225;34;65,1073;56,5667;1,2731;-;Nie;0,0014615891
4222;Pracownicy centrów obsługi telefonicznej (pracownicy call center);378;406;366;130;2562;991;0,84;0,60;403;592;0,6808;35,5191;1,0741;deficyt;Tak;0,0006440828
4223;Operatorzy centrali telefonicznych;461;572;1050;713;68;6;0,00;0,01;1139;12;92,3108;67,9048;1,2408;-;Nie;0,0007447072
4224;Recepcjoniści hotelowi;3225;4319;3829;1887;400;52;0,88;0,08;4625;75;61,3872;49,2818;1,3392;-;Nie;0,0030412744
4225;Pracownicy biur informacji;177;196;261;143;143;12;1,29;0,03;284;26;10,9742;54,7893;1,1073;-;Nie;0,0002001704
4226;Recepcjoniści (z wyłączeniem hotelowych);1787;2055;2594;1296;1439;322;1,31;0,30;2813;294;9,5832;49,9614;1,1500;-;Nie;0,0020100085
4227;Ankieterzy;166;176;166;82;632;147;0,00;0,13;182;130;1,4018;49,3976;1,0602;-;Nie;0,0002017882
4311;Pracownicy do spraw rachunkowości i księgowości;1958;2118;3244;1759;1287;161;2,21;0,25;3442;241;14,2631;54,2232;1,0817;-;Nie;0,0023836024
4312;Pracownicy do spraw statystyki, finansów i ubezpieczeń;596;721;1264;855;220;110;0,61;0,06;1368;55;24,8697;67,6424;1,2097;-;Nie;0,0009207191
4313;Pracownicy obsługi płacowej;87;92;121;47;60;102;0,00;0,03;128;27;4,7222;38,8430;1,0575;-;Nie;0,0000999774
4321;Magazynierzy i pokrewni;12147;13274;15881;8205;16954;984;1,52;3,04;17400;2 990;5,8199;51,6655;1,0928;-;Nie;0,0131939906
4322;Planiści produkcyjni;153;144;284;179;85;93;0,00;0,03;290;30;9,7753;63,0282;0,9412;nadwyżka;Tak;0,0002068571
4323;Pracownicy do spraw transportu;975;902;1608;866;263;76;1,47;0,06;1701;57;30,1032;53,8557;0,9251;nadwyżka;Tak;0,0011371750
4411;Pomocnicy biblioteczni;22;30;26;12;56;0;1,79;0,01;29;9;3,0893;46,1538;1,3636;-;Nie;0,0000246977
4412;Listonosze i pokrewni;1664;1643;2310;1134;1740;148;3,07;0,32;2421;315;7,6928;49,0909;0,9874;-;Nie;0,0017700413
4413;Kodowacze, korektorzy i pokrewni;45;47;63;33;3;6;0,00;0,00;64;2;42,8889;52,3810;1,0444;-;Nie;0,0000426009
4414;Technicy archiwiści i pokrewni;104;111;135;67;69;23;1,09;0,02;147;15;9,5761;49,6296;1,0673;-;Nie;0,0001049385
4415;Pracownicy działów kadr;279;309;514;295;222;234;0,66;0,08;535;76;7,0373;57,3930;1,1075;-;Nie;0,0003952718
4419;Pracownicy obsługi biura gdzie indziej niesklasyfikowani;1303;1462;2115;1197;896;194;1,38;0,18;2280;182;12,5523;56,5957;1,1220;-;Nie;0,0015931666
5111;Stewardzi;69;79;88;37;14;13;0,00;0,00;91;5;20,2963;42,0455;1,1449;-;Nie;0,0000620140
5112;Konduktorzy i pokrewni;343;448;575;358;201;0;1,99;0,03;665;34;19,8557;62,2609;1,3061;-;Nie;0,0004521090
5113;Przewodnicy turystyczni i piloci wycieczek;120;156;161;86;74;0;0,00;0,01;188;12;15,2297;53,4161;1,3000;-;Nie;0,0001295284
5120;Kucharze;22206;28543;37405;24330;9036;209;1,71;1,57;42457;1 541;27,5545;65,0448;1,2854;-;Nie;0,0284710044
5131;Kelnerzy;6467;7911;9969;5637;4270;130;1,45;0,75;11151;733;15,2055;56,5453;1,2233;-;Nie;0,0076901673
5132;Barmani;2350;2663;3768;2099;1343;29;2,04;0,23;4108;229;17,9636;55,7059;1,1332;-;Nie;0,0028060526
5141;Fryzjerzy;12816;15819;18764;10409;2542;41;1,86;0,44;21395;431;49,6973;55,4732;1,2343;-;Nie;0,0141231221
5142;Kosmetyczki i pokrewni;3270;3802;4603;2365;1355;65;3,10;0,24;5139;237;21,7141;51,3795;1,1627;-;Nie;0,0034786079
5151;Pracownicy obsługi technicznej biur, hoteli i innych obiektów;210;248;337;183;154;12;0,60;0,03;362;28;13,0904;54,3027;1,1810;-;Nie;0,0002522622
5152;Pracownicy usług domowych;202;279;438;264;46;17;0,00;0,01;486;11;46,2857;60,2740;1,3812;-;Nie;0,0003212864
5153;Gospodarze budynków;15693;20091;28881;19609;48357;34;11,66;8,21;32527;8 065;4,0330;67,8958;1,2803;-;Nie;0,0262669730
5161;Astrolodzy, wróżbici i pokrewni;1;0;4;3;1;0;0,00;0,00;3;0;19,0000;75,0000;0,0000;nadwyżka;Nie;0,0000021570
5162;Osoby do towarzystwa;2;2;2;1;0;0;;0,00;3;0;;50,0000;1,0000;-;Nie;0,0000016178
5163;Pracownicy zakładów pogrzebowych;127;122;181;106;92;0;3,26;0,02;192;15;12,5326;58,5635;0,9606;nadwyżka;Tak;0,0001342738
5164;Opiekunowie zwierząt domowych i pracownicy zajmujący się zwierzętami;116;115;143;63;118;0;0,85;0,02;149;20;7,5508;44,0559;0,9914;-;Nie;0,0001088211
5165;Instruktorzy nauki jazdy;155;162;220;105;146;0;1,37;0,02;234;24;9,6027;47,7273;1,0452;-;Nie;0,0001669525
5169;Pracownicy usług osobistych gdzie indziej niesklasyfikowani;360;354;310;116;159;100;0,39;0,04;330;43;7,6409;37,4194;0,9833;-;Nie;0,0002413693
5211;Sprzedawcy na targowiskach i bazarach;120;124;202;109;254;52;0,00;0,05;214;51;4,1993;53,9604;1,0333;-;Nie;0,0001715900
5212;Uliczni sprzedawcy żywności;30;33;82;57;27;18;0,00;0,01;85;8;11,3778;69,5122;1,1000;-;Nie;0,0000600727
5221;Właściciele sklepów;700;739;1366;732;45;172;0,00;0,04;1414;36;39,1014;53,5871;1,0557;-;Nie;0,0009385145
5222;Kierownicy sprzedaży w marketach;334;386;587;290;216;99;2,54;0,05;631;53;12,0127;49,4037;1,1557;-;Nie;0,0004420789
5223;Sprzedawcy sklepowi (ekspedienci);81376;95425;142120;84373;31137;2253;3,06;5,66;154863;5 565;27,8280;59,3674;1,1726;-;Nie;0,1038133756
5230;Kasjerzy i sprzedawcy biletów;4335;4689;6164;3201;4693;704;1,96;0,92;6603;900;7,3404;51,9306;1,0817;-;Nie;0,0048546715
5241;Modelki i modele;12;19;16;6;4;12;0,00;0,00;19;3;7,2500;37,5000;1,5833;-;Nie;0,0000142363
5242;Demonstratorzy wyrobów;5;17;5;3;5;17;0,00;0,00;11;4;2,9091;60,0000;3,4000;-;Nie;0,0000092751
5243;Agenci sprzedaży bezpośredniej;563;576;596;204;755;480;0,40;0,21;631;206;3,0632;34,2282;1,0231;-;Nie;0,0005411935
5244;Sprzedawcy (konsultanci) w centrach sprzedaży telefonicznej / internetowej;1733;1816;1646;642;4840;191;0,44;0,85;1811;839;2,1592;39,0036;1,0479;-;Nie;0,0017141748
5245;Sprzedawcy w stacji paliw;1155;1273;1186;482;1050;11;1,79;0,18;1345;177;7,6060;40,6408;1,1022;-;Nie;0,0009847823
5246;Wydawcy posiłków;372;382;607;277;346;0;1,16;0,06;627;58;10,8786;45,6343;1,0269;-;Nie;0,0004432653
5249;Pracownicy sprzedaży i pokrewni gdzie indziej niesklasyfikowani;4211;4315;5022;2154;6947;2491;0,84;1,60;5317;1 573;3,3801;42,8913;1,0247;-;Nie;0,0044584291
5311;Opiekunowie dziecięcy;581;536;913;501;676;19;6,47;0,12;875;116;7,5554;54,8740;0,9225;nadwyżka;Tak;0,0006412787
5312;Asystenci nauczycieli;359;322;412;151;630;0;0,79;0,11;405;105;3,8587;36,6505;0,8969;-;Nie;0,0003301302
5321;Pomocniczy personel medyczny;488;607;647;351;233;0;3,43;0,04;720;39;18,5451;54,2504;1,2439;-;Nie;0,0004911509
5322;Pracownicy domowej opieki osobistej;1001;1392;2397;1793;1462;0;4,24;0,25;2669;244;10,9521;74,8018;1,3906;-;Nie;0,0018845785
5329;Pracownicy opieki osobistej w ochronie zdrowia i pokrewni gdzie indziej niesklasyfikowani;900;1111;1835;1182;269;6;1,09;0,05;1979;46;43,1782;64,4142;1,2344;-;Nie;0,0013102749
5411;Strażacy;82;97;156;100;18;0;0,00;0,00;165;3;54,8333;64,1026;1,1829;-;Nie;0,0001083897
5412;Strażnicy w zakładach dla nieletnich;7;6;12;7;4;0;0,00;0,00;11;1;16,5000;58,3333;0,8571;nadwyżka;Nie;0,0000075495
5413;Pracownicy ochrony osób i mienia;5841;6757;9141;5178;8735;151;0,55;1,51;10015;1 481;6,7622;56,6459;1,1568;-;Nie;0,0074389836
5419;Pracownicy usług ochrony gdzie indziej niesklasyfikowani;524;553;606;285;426;6;0,69;0,07;656;72;9,1157;47,0297;1,0553;-;Nie;0,0004713064
6111;Rolnicy upraw polowych;1872;2691;4729;3498;117;0;0,85;0,02;5311;20;272,3675;73,9691;1,4375;-;Nie;0,0034494882
6112;Sadownicy;89;112;187;125;13;0;0,00;0,00;204;2;94,2308;66,8449;1,2584;-;Nie;0,0001335188
6113;Ogrodnicy;3939;5406;7457;5069;1797;6;2,44;0,31;8551;301;28,4565;67,9764;1,3724;-;Nie;0,0057279365
6114;Rolnicy upraw mieszanych;333;446;867;643;30;0;0,00;0,01;955;5;191,0000;74,1638;1,3393;-;Nie;0,0006212185
6121;Hodowcy zwierząt gospodarskich i domowych;177;213;311;181;184;6;0,00;0,03;338;32;10,6632;58,1994;1,2034;-;Nie;0,0002389966
6122;Hodowcy drobiu;98;104;158;86;94;0;0,00;0,02;163;16;10,4255;54,4304;1,0612;-;Nie;0,0001158314
6123;Pszczelarze i hodowcy jedwabników;6;5;14;8;3;0;0,00;0,00;14;1;27,3333;57,1429;0,8333;nadwyżka;Nie;0,0000091673
6129;Hodowcy zwierząt gdzie indziej niesklasyfikowani;339;489;817;584;20;0;0,00;0,00;926;3;277,9000;71,4810;1,4425;-;Nie;0,0006015897
6130;Rolnicy produkcji roślinnej i zwierzęcej;3167;4309;7318;5091;113;0;1,77;0,02;8204;19;435,5841;69,5682;1,3606;-;Nie;0,0053206933
6210;Robotnicy leśni i pokrewni;2083;2931;4122;2667;890;0;1,91;0,15;4685;148;31,5820;64,7016;1,4071;-;Nie;0,0031274469
6221;Hodowcy ryb;72;93;124;75;4;0;0,00;0,00;146;1;219,2500;60,4839;1,2917;-;Nie;0,0000950162
6222;Rybacy śródlądowi;15;19;22;9;6;0;0,00;0,00;27;1;26,8333;40,9091;1,2667;-;Nie;0,0000180110
6223;Rybacy morscy;121;125;188;105;6;0;0,00;0,00;195;1;195,3333;55,8511;1,0331;-;Nie;0,0001270478
6310;Rolnicy produkcji roślinnej pracujący na własne potrzeby;16;31;50;42;1;0;0,00;0,00;60;0;357,0000;84,0000;1,9375;-;Nie;0,0000386105
6320;Hodowcy zwierząt pracujący na własne potrzeby;0;1;2;1;0;0;;0,00;3;0;;50,0000;;-;Nie;0,0000017256
6330;Rolnicy produkcji roślinnej i zwierzęcej pracujący na własne potrzeby;780;1104;1977;1436;1;0;0,00;0,00;2226;0;13354,0000;72,6353;1,4154;-;Nie;0,0014403425
6340;Rybacy i zbieracze pracujący na własne potrzeby;263;356;317;153;480;0;0,21;0,08;372;80;4,6479;48,2650;1,3536;-;Nie;0,0002923825
7111;Monterzy konstrukcji budowlanych i konserwatorzy budynków;944;1110;1675;1027;1050;54;2,08;0,19;1835;184;9,9728;61,3134;1,1758;-;Nie;0,0013065001
7112;Murarze i pokrewni;17651;22452;29547;18443;8917;24;1,10;1,52;34447;1 490;23,1163;62,4192;1,2720;-;Nie;0,0232551418
7113;Robotnicy obróbki kamienia;601;1045;904;522;638;6;0,93;0,11;1204;107;11,2127;57,7434;1,7388;-;Nie;0,0008482437
7114;Betoniarze, betoniarze zbrojarze i pokrewni;3640;4815;6438;4140;2810;41;0,63;0,48;7468;475;15,7159;64,3057;1,3228;-;Nie;0,0051398281
7115;Cieśle i stolarze budowlani;4868;5858;7932;4824;2962;18;1,85;0,51;9010;497;18,1409;60,8169;1,2034;-;Nie;0,0061517887
7116;Robotnicy budowy dróg;275;330;527;342;191;5;0,51;0,03;587;33;17,9796;64,8956;1,2000;-;Nie;0,0004012036
7117;Monterzy budownictwa wodnego;62;82;137;92;28;0;0,00;0,00;160;5;34,1786;67,1533;1,3226;-;Nie;0,0001062327
7119;Robotnicy robót stanu surowego i pokrewni gdzie indziej niesklasyfikowani;618;683;815;460;1275;5;0,70;0,22;920;213;4,3109;56,4417;1,1052;-;Nie;0,0007331672
7121;Dekarze;1734;1946;2660;1575;1499;12;1,65;0,26;3005;252;11,9332;59,2105;1,1223;-;Nie;0,0021076132
7122;Posadzkarze, parkieciarze i glazurnicy;1826;2246;3020;1850;1373;0;1,38;0,23;3433;229;15,0007;61,2583;1,2300;-;Nie;0,0023693662
7123;Tynkarze i pokrewni;902;1127;1392;801;2753;6;1,16;0,47;1631;460;3,5469;57,5431;1,2494;-;Nie;0,0013529837
7124;Monterzy izolacji;890;1045;1178;696;934;0;0,43;0,16;1365;156;8,7709;59,0832;1,1742;-;Nie;0,0009842431
7125;Szklarze;1013;1187;1266;650;1023;6;0,87;0,17;1467;172;8,5549;51,3428;1,1718;-;Nie;0,0010603855
7126;Hydraulicy i monterzy rurociągów;8082;9390;12835;7308;3419;64;1,44;0,59;14411;581;24,8254;56,9381;1,1618;-;Nie;0,0097011465
7127;Monterzy i konserwatorzy instalacji klimatyzacyjnych i chłodniczych;653;664;913;476;707;47;1,46;0,13;988;126;7,8607;52,1358;1,0168;-;Nie;0,0007205487
7129;Robotnicy budowlani robót wykończeniowych i pokrewni gdzie indziej niesklasyfikowani;2982;3806;3512;1664;2146;17;1,76;0,37;4214;361;11,6879;47,3804;1,2763;-;Nie;0,0029598473
7131;Malarze budowlani i pokrewni;6967;8430;12324;7990;1808;18;1,70;0,31;13919;304;45,7360;64,8328;1,2100;-;Nie;0,0092039560
7132;Lakiernicy;3113;3702;4235;2263;2531;69;1,12;0,44;4780;433;11,0315;53,4357;1,1892;-;Nie;0,0033737772
7133;Robotnicy czyszczący konstrukcje budowlane i pokrewni;123;141;189;110;136;0;1,47;0,02;219;23;9,6397;58,2011;1,1463;-;Nie;0,0001560596
7211;Formierze odlewniczy i pokrewni;914;1049;1561;973;280;6;1,40;0,05;1706;48;35,7937;62,3318;1,1477;-;Nie;0,0011349101
7212;Spawacze i pokrewni;4034;4580;5978;3356;8923;161;1,09;1,54;6560;1 514;4,3329;56,1392;1,1353;-;Nie;0,0052247064
7213;Blacharze;3371;4031;4897;2675;945;56;0,80;0,17;5566;167;33,3596;54,6253;1,1958;-;Nie;0,0037094078
7214;Robotnicy przygotowujący i wznoszący konstrukcje metalowe;1847;2039;2383;1286;2836;34;0,87;0,49;2647;478;5,5328;53,9656;1,1040;-;Nie;0,0020220878
7215;Takielarze i monterzy konstrukcji linowych;53;56;94;59;31;0;0,00;0,01;104;5;20,0968;62,7660;1,0566;-;Nie;0,0000705342
7221;Kowale i operatorzy pras kuźniczych;191;251;358;207;120;6;8,73;0,02;415;21;19,7698;57,8212;1,3141;-;Nie;0,0002822446
7222;Ślusarze i pokrewni;21507;25976;36048;21969;6502;92;1,97;1,12;40134;1 099;36,5190;60,9437;1,2078;-;Nie;0,0266821971
7223;Ustawiacze i operatorzy obrabiarek do metali i pokrewni;9329;11279;16741;10427;6516;337;1,34;1,16;18473;1 142;16,1736;62,2842;1,2090;-;Nie;0,0126930253
7224;Szlifierze narzędzi i polerowacze metali;152;185;224;112;164;6;4,12;0,03;247;28;8,7294;50,0000;1,2171;-;Nie;0,0001783846
7231;Mechanicy pojazdów samochodowych;23415;28504;31629;16901;4379;148;3,64;0,77;36435;755;48,2898;53,4351;1,2173;-;Nie;0,0240652064
7232;Mechanicy statków powietrznych i pokrewni;46;54;82;55;0;0;;0,00;92;0;;67,0732;1,1739;-;Nie;0,0000594256
7233;Mechanicy maszyn i urządzeń rolniczych i przemysłowych;8410;9870;14445;8782;2032;121;1,02;0,37;16049;359;44,7246;60,7961;1,1736;-;Nie;0,0106173359
7234;Mechanicy rowerów i pokrewni;114;159;185;123;46;6;0,00;0,01;207;9;23,8654;66,4865;1,3947;-;Nie;0,0001394506
7311;Mechanicy precyzyjni;689;786;1197;719;93;0;0,00;0,02;1293;16;83,4194;60,0668;1,1408;-;Nie;0,0008467337
7312;Monterzy instrumentów muzycznych;15;18;26;10;6;0;0,00;0,00;30;1;29,6667;38,4615;1,2000;-;Nie;0,0000198445
7313;Jubilerzy, złotnicy i pokrewni;272;303;547;342;40;0;2,50;0,01;594;7;89,1000;62,5229;1,1140;-;Nie;0,0003886930
7314;Ceramicy i pokrewni;625;806;1323;891;129;0;1,55;0,02;1468;22;68,2713;67,3469;1,2896;-;Nie;0,0009637515
7315;Formowacze wyrobów szklanych, krajacze i szlifierze szkła;714;968;1420;919;275;6;1,07;0,05;1591;47;33,9609;64,7183;1,3557;-;Nie;0,0010595227
7316;Szyldziarze, grawerzy i zdobnicy ceramiki, szkła i pokrewni;787;1035;1661;1107;283;0;0,35;0,05;1836;47;38,9293;66,6466;1,3151;-;Nie;0,0012187099
7317;Rękodzielnicy wyrobów z drewna i pokrewnych materiałów;209;279;497;348;80;0;0,00;0,01;546;13;40,9375;70,0201;1,3349;-;Nie;0,0003618382
7318;Rękodzielnicy wyrobów z tkanin, skóry i pokrewnych materiałów;2755;3392;6430;4444;155;18;4,62;0,03;6909;29;239,6243;69,1135;1,2312;-;Nie;0,0044895978
7319;Rzemieślnicy gdzie indziej niesklasyfikowani;226;236;373;188;36;12;0,00;0,01;411;8;51,3542;50,4021;1,0442;-;Nie;0,0002710281
7321;Pracownicy przy pracach przygotowawczych do druku;375;396;505;280;271;63;4,49;0,06;530;56;9,5120;55,4455;1,0560;-;Nie;0,0003786629
7322;Drukarze;841;1000;1457;883;561;104;2,26;0,11;1563;111;14,1053;60,6040;1,1891;-;Nie;0,0010833576
7323;Introligatorzy i pokrewni;961;1142;1828;1146;423;18;2,27;0,07;1973;74;26,8413;62,6915;1,1883;-;Nie;0,0013241876
7411;Elektrycy budowlani i pokrewni;3959;4650;5267;2833;5191;186;1,02;0,91;5979;896;6,6712;53,7877;1,1745;-;Nie;0,0044486147
7412;Elektromechanicy i elektromonterzy;10806;12753;16759;9626;2734;202;1,09;0,50;18691;489;38,1958;57,4378;1,1802;-;Nie;0,0124113200
7413;Monterzy linii elektrycznych;342;373;552;317;415;5;2,38;0,07;603;70;8,6190;57,4275;1,0906;-;Nie;0,0004357157
7421;Monterzy i serwisanci urządzeń elektronicznych;1329;1557;1794;936;555;98;0,92;0,11;2013;109;18,4977;52,1739;1,1716;-;Nie;0,0013731517
7422;Monterzy i serwisanci instalacji i urządzeń teleinformatycznych;1612;1965;2803;1707;1322;140;2,67;0,25;3088;244;12,6710;60,8990;1,2190;-;Nie;0,0021556066
7511;Masarze, robotnicy w przetwórstwie ryb i pokrewni;4657;5612;7456;4355;7105;51;0,88;1,21;8298;1 193;6,9575;58,4093;1,2051;-;Nie;0,0061414351
7512;Piekarze, cukiernicy i pokrewni;14702;18480;23427;13976;2719;41;2,07;0,47;26616;460;57,8605;59,6577;1,2570;-;Nie;0,0175208421
7513;Robotnicy w produkcji wyrobów mleczarskich;92;129;196;127;132;0;0,00;0,02;225;22;10,2197;64,7959;1,4022;-;Nie;0,0001597265
7514;Robotnicy przetwórstwa surowców roślinnych;488;570;779;449;715;0;0,00;0,12;857;119;7,1916;57,6380;1,1680;-;Nie;0,0006316800
7515;Klasyfikatorzy żywności i pokrewni;66;65;108;65;30;0;0,00;0,01;116;5;23,1000;60,1852;0,9848;nadwyżka;Tak;0,0000779759
7521;Robotnicy przygotowujący drewno i pokrewni;975;1189;1525;858;592;0;3,89;0,10;1710;99;17,3260;56,2623;1,2195;-;Nie;0,0011700693
7522;Stolarze meblowi i pokrewni;14080;17112;19742;10862;5688;64;2,36;0,98;22630;959;23,6055;55,0198;1,2153;-;Nie;0,0152641796
7523;Ustawiacze i operatorzy maszyn do obróbki i produkcji wyrobów z drewna;595;715;948;545;605;16;7,41;0,11;1047;104;10,1111;57,4895;1,2017;-;Nie;0,0007441680
7531;Krawcy, kuśnierze, kapelusznicy i pokrewni;11429;14201;25725;17425;1592;6;1,75;0,27;27940;266;104,9043;67,7357;1,2425;-;Nie;0,0182520680
7532;Konstruktorzy i krojczowie odzieży;697;774;1274;700;510;10;2,50;0,09;1341;87;15,4769;54,9451;1,1105;-;Nie;0,0009240625
7533;Szwaczki, hafciarki i pokrewni;7703;9951;16795;10802;3536;16;1,69;0,60;18560;592;31,3511;64,3168;1,2918;-;Nie;0,0123932011
7534;Tapicerzy i pokrewni;1893;2206;2414;1329;2050;33;1,44;0,35;2758;347;7,9438;55,0539;1,1653;-;Nie;0,0020092536
7535;Wyprawiacze skór, garbarze i pokrewni;269;301;610;411;33;0;3,03;0,01;652;6;118,5455;67,3770;1,1190;-;Nie;0,0004254700
7536;Obuwnicy i pokrewni;1024;1114;2068;1186;250;5;1,57;0,04;2182;43;51,3451;57,3501;1,0879;-;Nie;0,0014395876
7537;Kaletnicy, rymarze i pokrewni;608;789;1458;983;64;5;0,00;0,01;1595;12;138,6957;67,4211;1,2977;-;Nie;0,0010395703
7541;Nurkowie;11;5;13;4;1;5;0,00;0,00;10;1;10,3333;30,7692;0,4545;-;Nie;0,0000073338
7542;Strzałowi i pokrewni;5;8;8;6;5;0;0,00;0,00;10;1;11,4000;75,0000;1,6000;-;Nie;0,0000066867
7543;Klasyfikatorzy wyrobów przemysłowych;108;156;211;115;32;0;0,00;0,01;232;5;43,4375;54,5024;1,4444;-;Nie;0,0001533633
7544;Robotnicy zwalczania szkodników i chwastów;48;53;88;59;45;0;0,00;0,01;98;8;13,0000;67,0455;1,1042;-;Nie;0,0000679458
7549;Robotnicy przemysłowi i rzemieślnicy gdzie indziej niesklasyfikowani;72;61;110;50;410;17;1,87;0,07;99;71;1,3958;45,4545;0,8472;-;Nie;0,0001103310
8111;Górnicy podziemnej i odkrywkowej eksploatacji złóż i pokrewni;2355;2684;4203;2670;175;0;0,00;0,03;4599;29;157,6800;63,5261;1,1397;-;Nie;0,0029948987
8112;Operatorzy maszyn i urządzeń do przeróbki mechanicznej kopalin;165;212;271;152;64;0;10,94;0,01;310;11;29,0937;56,0886;1,2848;-;Nie;0,0002077199
8113;Operatorzy urządzeń wiertniczych i wydobywczych ropy, gazu i innych surowców;286;296;421;229;83;5;4,55;0,01;452;15;30,8182;54,3943;1,0350;-;Nie;0,0003019812
8114;Operatorzy maszyn i urządzeń do produkcji wyrobów cementowych, kamiennych i pokrewni;365;599;512;297;307;11;1,26;0,05;675;53;12,7327;58,0078;1,6411;-;Nie;0,0004709828
8121;Operatorzy maszyn i urządzeń do produkcji i przetwórstwa metali;1324;1617;2153;1316;1406;52;1,51;0,25;2404;243;9,8930;61,1240;1,2213;-;Nie;0,0017128806
8122;Operatorzy urządzeń do obróbki powierzchniowej metali i nakładania powłok;138;144;193;99;197;6;2,96;0,03;204;34;6,0296;51,2953;1,0435;-;Nie;0,0001539026
8131;Operatorzy maszyn i urządzeń do produkcji wyrobów chemicznych;1274;1518;2379;1515;590;17;2,64;0,10;2576;101;25,4646;63,6822;1,1915;-;Nie;0,0017325094
8132;Operatorzy urządzeń do produkcji materiałów światłoczułych i obróbki filmów;15;16;21;11;2;0;0,00;0,00;24;0;72,0000;52,3810;1,0667;-;Nie;0,0000157462
8141;Operatorzy maszyn do produkcji wyrobów gumowych;650;694;946;492;733;16;2,27;0,13;1015;125;8,1322;52,0085;1,0677;-;Nie;0,0007376970
8142;Operatorzy maszyn do produkcji wyrobów z tworzyw sztucznych;1530;1785;2117;1135;3667;165;1,70;0,65;2356;639;3,6882;53,6136;1,1667;-;Nie;0,0019375330
8143;Operatorzy maszyn do produkcji wyrobów papierniczych;478;517;688;387;905;22;1,08;0,16;723;155;4,6785;56,2500;1,0816;-;Nie;0,0005677247
8151;Operatorzy maszyn przędzalniczych i pokrewni;271;337;533;357;183;0;0,55;0,03;578;31;18,9344;66,9794;1,2435;-;Nie;0,0003934384
8152;Operatorzy maszyn tkackich i dziewiarskich;301;338;526;333;110;11;9,09;0,02;566;20;28,0413;63,3080;1,1229;-;Nie;0,0003789864
8153;Operatorzy maszyn do szycia;863;358;845;207;3872;5;1,47;0,66;531;646;0,8218;24,4970;0,4148;-;Nie;0,0007617476
8154;Operatorzy maszyn wykończalniczych wyrobów włókienniczych;135;148;265;187;38;6;2,27;0,01;292;7;39,8636;70,5660;1,0963;-;Nie;0,0001939151
8155;Operatorzy maszyn do wyprawiania futer i skór;68;75;84;50;15;0;0,00;0,00;99;3;39,7333;59,5238;1,1029;-;Nie;0,0000658966
8156;Operatorzy maszyn do produkcji obuwia i pokrewni;1665;2228;4045;2839;245;6;6,77;0,04;4427;42;105,8247;70,1854;1,3381;-;Nie;0,0028917937
8157;Operatorzy maszyn do prania;192;197;251;107;421;18;2,73;0,07;265;73;3,6219;42,6295;1,0260;-;Nie;0,0002188285
8159;Operatorzy maszyn do produkcji wyrobów włókienniczych, futrzarskich i skórzanych gdzie indziej niesklasyfikowani;172;219;339;202;245;5;0,00;0,04;366;42;8,7880;59,5870;1,2733;-;Nie;0,0002639100
8160;Operatorzy maszyn i urządzeń do produkcji wyrobów spożywczych i pokrewni;3208;3938;5553;3624;3675;49;0,97;0,63;6235;621;10,0454;65,2620;1,2276;-;Nie;0,0044362119
8171;Operatorzy urządzeń do wyrobu masy papierniczej i produkcji papieru;193;237;349;227;172;10;3,30;0,03;385;30;12,6813;65,0430;1,2280;-;Nie;0,0002685476
8172;Operatorzy maszyn i urządzeń do obróbki drewna;1665;2042;2631;1506;1736;18;8,95;0,30;2967;292;10,1494;57,2406;1,2264;-;Nie;0,0021091231
8181;Operatorzy urządzeń do produkcji wyrobów szklanych i ceramicznych;568;718;897;517;644;11;0,92;0,11;992;109;9,0870;57,6366;1,2641;-;Nie;0,0007125678
8182;Maszyniści kotłów parowych i pokrewni;1404;1418;2781;1784;200;0;0,50;0,03;2868;33;86,0300;64,1496;1,0100;-;Nie;0,0018772446
8183;Operatorzy urządzeń pakujących, znakujących i urządzeń do napełniania butelek;175;165;245;122;294;16;2,58;0,05;245;52;4,7323;49,7959;0,9429;-;Nie;0,0001916502
8189;Operatorzy innych maszyn i urządzeń przetwórczych gdzie indziej niesklasyfikowani;2318;2776;2883;1531;1187;96;4,83;0,22;3276;214;15,3211;53,1044;1,1976;-;Nie;0,0022583881
8211;Monterzy maszyn i urządzeń mechanicznych;1892;2128;2920;1710;2074;93;0,32;0,37;3190;361;8,8320;58,5616;1,1247;-;Nie;0,0022978613
8212;Monterzy sprzętu elektrycznego;1056;1240;1509;864;827;6;3,72;0,14;1672;139;12,0456;57,2565;1,1742;-;Nie;0,0011720107
8213;Monterzy sprzętu elektronicznego;2594;3051;3932;2411;1979;35;1,99;0,34;4309;336;12,8381;61,3174;1,1762;-;Nie;0,0030057916
8219;Monterzy gdzie indziej niesklasyfikowani;2460;2769;3046;1568;2790;51;2,29;0,48;3378;474;7,1348;51,4773;1,1256;-;Nie;0,0024925314
8311;Maszyniści kolejowi i metra;185;156;312;169;132;6;0,72;0,02;326;23;14,1667;54,1667;0,8432;nadwyżka;Tak;0,0002257310
8312;Dyżurni ruchu, manewrowi i pokrewni;1122;1029;1861;1005;263;13;0,72;0,05;1961;46;42,6377;54,0032;0,9171;nadwyżka;Tak;0,0012989506
8321;Kierowcy motocykli;1;2;1;0;5;6;0,00;0,00;1;2;0,3636;0,0000;2,0000;deficyt;Nie;0,0000016178
8322;Kierowcy samochodów osobowych i dostawczych;5899;6574;9050;4731;5957;193;1,90;1,04;9801;1 025;9,5615;52,2762;1,1144;-;Nie;0,0070052092
8331;Kierowcy autobusów i motorniczowie tramwajów;901;1057;1416;752;2240;13;1,11;0,38;1591;376;4,2370;53,1073;1,1731;-;Nie;0,0012725273
8332;Kierowcy samochodów ciężarowych;5455;6444;7971;4313;15644;374;1,03;2,72;8980;2 670;3,3638;54,1086;1,1813;-;Nie;0,0075386374
8341;Operatorzy wolnobieżnych maszyn rolniczych i leśnych;4363;5646;8029;5028;820;0;1,83;0,14;9175;137;67,1305;62,6230;1,2941;-;Nie;0,0060252801
8342;Operatorzy sprzętu do robót ziemnych i urządzeń pokrewnych;1901;2249;2335;1171;3146;100;2,00;0,55;2775;541;5,1288;50,1499;1,1831;-;Nie;0,0021455765
8343;Maszyniści i operatorzy maszyn i urządzeń dźwigowo-transportowych i pokrewni;732;845;1229;717;562;43;0,83;0,10;1336;101;13,2512;58,3401;1,1544;-;Nie;0,0009298864
8344;Kierowcy operatorzy wózków jezdniowych;1530;1804;1947;1047;3751;430;1,03;0,71;2210;697;3,1713;53,7750;1,1791;-;Nie;0,0018809116
8350;Marynarze i pokrewni (z wyłączeniem sił zbrojnych);259;501;281;130;14;0;0,00;0,00;435;2;186,2143;46,2633;1,9344;-;Nie;0,0002826760
9111;Pomoce domowe i sprzątaczki;481;620;1241;881;295;11;2,29;0,05;1331;51;26,0980;70,9911;1,2890;-;Nie;0,0008942958
9112;Pomoce i sprzątaczki biurowe, hotelowe i pokrewne;12867;15944;26586;17703;15362;53;1,85;2,61;28703;2 569;11,1720;66,5877;1,2391;-;Nie;0,0202361924
9121;Praczki ręczne i prasowacze;958;1194;2189;1470;691;12;2,56;0,12;2370;117;20,2248;67,1540;1,2463;-;Nie;0,0016092363
9122;Czyściciele pojazdów;484;502;613;318;676;10;2,77;0,12;668;114;5,8440;51,8760;1,0372;-;Nie;0,0005063578
9123;Zmywacze okien;15;12;24;16;25;0;0,00;0,00;26;4;6,1200;66,6667;0,8000;nadwyżka;Nie;0,0000191974
9129;Pozostali pracownicy zajmujący się sprzątaniem;210;67;165;24;1372;0;2,41;0,23;81;229;0,3550;14,5455;0,3190;-;Nie;0,0002004940
9211;Robotnicy wykonujący proste prace polowe;513;764;761;463;988;0;3,24;0,17;922;165;5,5972;60,8410;1,4893;-;Nie;0,0007029691
9212;Robotnicy wykonujący prace proste w hodowli zwierząt;253;304;442;270;388;6;3,55;0,07;479;66;7,2970;61,0860;1,2016;-;Nie;0,0003525631
9213;Robotnicy wykonujący prace proste przy uprawie roślin i hodowli zwierząt;116;147;190;105;210;5;0,47;0,04;214;36;5,9721;55,2632;1,2672;-;Nie;0,0001616678
9214;Robotnicy wykonujący prace proste w ogrodnictwie i sadownictwie;691;934;903;503;2044;11;3,36;0,35;1037;343;3,0273;55,7032;1,3517;-;Nie;0,0008925702
9215;Robotnicy wykonujący prace proste w leśnictwie;123;189;193;114;136;0;1,47;0,02;230;23;10,1250;59,0674;1,5366;-;Nie;0,0001631777
9216;Robotnicy wykonujący prace proste w rybołówstwie i zakładach akwakultury;19;16;26;13;8;0;0,00;0,00;22;1;16,1250;50,0000;0,8421;-;Nie;0,0000147755
9311;Robotnicy wykonujący prace proste w kopalniach i kamieniołomach;388;411;583;313;8;0;0,00;0,00;621;1;465,6250;53,6878;1,0593;-;Nie;0,0004026057
9312;Robotnicy wykonujący prace proste w budownictwie drogowym, wodnym i pokrewni;4469;5951;7179;4856;3739;13;2,85;0,64;8673;625;13,8697;67,6417;1,3316;-;Nie;0,0060170835
9313;Robotnicy wykonujący prace proste w budownictwie ogólnym;18238;22303;29054;17751;11743;46;2,82;2,00;33565;1 965;17,0829;61,0966;1,2229;-;Nie;0,0229914475
9321;Ręczni pakowacze i znakowacze;6671;7448;9354;5436;9825;213;1,90;1,70;10242;1 673;6,1216;58,1142;1,1165;-;Nie;0,0077099039
9329;Robotnicy wykonujący prace proste w przemyśle gdzie indziej niesklasyfikowani;15317;18154;26463;17036;14293;327;1,45;2,48;29102;2 437;11,9435;64,3767;1,1852;-;Nie;0,0204089688
9332;Prowadzący pojazdy ciągnięte przez zwierzęta;28;44;88;65;3;0;0,00;0,00;100;1;200,6667;73,8636;1,5714;-;Nie;0,0000652495
9333;Robotnicy pracujący przy przeładunku towarów;4748;5395;7562;4619;4740;217;2,48;0,84;8286;826;10,0293;61,0817;1,1363;-;Nie;0,0058963989
9334;Układacze towarów na półkach;674;687;567;220;414;599;0,00;0,17;643;169;3,8075;38,8007;1,0193;-;Nie;0,0005252316
9411;Pracownicy przygotowujący posiłki typu fast food;473;480;351;105;1526;31;1,80;0,26;376;260;1,4483;29,9145;1,0148;-;Nie;0,0004111259
9412;Pomoce kuchenne;4013;4906;6992;4278;5843;48;1,46;1,00;7715;982;7,8577;61,1842;1,2225;-;Nie;0,0056277434
9510;Pracownicy świadczący usługi na ulicach;246;254;215;104;209;6;0,00;0,04;240;36;6,6837;48,3721;1,0325;-;Nie;0,0001781689
9520;Uliczni sprzedawcy produktów (z wyłączeniem żywności o krótkim terminie przydatności do spożycia);34;40;112;74;2;0;0,00;0,00;117;0;351,5000;66,0714;1,1765;-;Nie;0,0000760346
9611;Ładowacze nieczystości;154;196;280;167;190;6;0,51;0,03;306;33;9,3571;59,6429;1,2727;-;Nie;0,0002189364
9612;Sortowacze odpadów;204;233;253;144;617;0;10,21;0,10;286;103;2,7780;56,9170;1,1422;-;Nie;0,0002513994
9613;Zamiatacze i pokrewni;2817;3643;6360;4681;2318;6;13,64;0,39;7024;387;18,1347;73,6006;1,2932;-;Nie;0,0047960009
9621;Gońcy, bagażowi i pokrewni;601;642;859;509;728;22;1,87;0,13;917;125;7,3333;59,2549;1,0682;-;Nie;0,0006740652
9622;Pracownicy wykonujący dorywcze prace proste;316;303;344;167;1499;75;0,00;0,27;362;262;1,3812;48,5465;0,9589;-;Nie;0,0004042234
9623;Odczytujący liczniki i wybierający monety z automatów;42;30;54;21;8;0;0,00;0,00;47;1;35,0000;38,8889;0,7143;-;Nie;0,0000310609
9629;Pracownicy wykonujący prace proste gdzie indziej niesklasyfikowani;6551;7741;10655;6239;14761;96;4,06;2,52;11691;2 476;4,7214;58,5547;1,1817;-;Nie;0,0091676104
