Kod;Elementarne grupy zawodów;Bezrobotni ogółem - napływ w okresie;Bezrobotni ogółem- odpływ w okresie;Bezrobotni ogółem - stan na koniec okresu;Bezrobotni długotrwale -stan na koniec okresu;Napływ ofert pracy w okresie - CBOP (PUP+OHP+EURES);Napływ ofert pracy w okresie - Internet;Napływ ofert pracy w okresie -OHP (CBOP);Stan ofert na koniec poprzedniego okresu -CBOP (PUP+OHP+EURES) i Internet;Odsetek ofert subsydiowanych w CBOP (PUP+OHP+EURES) (%);Odsetek miejsc aktywizacji zawodowej (%);Średniomiesięczna liczba bezrobotnych w danej gr. zawodów;Średniomiesięczna liczba ofert pracy w danej gr. zawodów;wskaźnik dostępności ofert pracy;wskaźnik długotrwałego bezrobocia;wskaźnik płynności bezrobotnych;Deficyt/ równowaga/ nadwyżka - rok;Czy uwzględniono w inf. sygnalnej;Wartość wskaźnika struktury sumy bezrobotnych i ofert pracy;
0110;Oficerowie sił zbrojnych;33;35;41;21;0;0;0;0;;0,00;42,0000;0,0000;;51,2195;1,0606;-;Nie;0,0000276191;
0210;Podoficerowie sił zbrojnych;13;13;6;3;0;0;0;0;;0,00;6,8333;0,0000;;50,0000;1,0000;-;Nie;0,0000044936;
0310;Żołnierze szeregowi;775;902;779;340;0;0;0;1;;0,00;773,3333;1,0000;773,3333;43,6457;1,1639;-;Nie;0,0005091990;
1111;Przedstawiciele władz publicznych;7;14;13;6;0;0;0;0;;0,00;15,0000;0,0000;;46,1538;2,0000;-;Nie;0,0000098639;
1112;Wyżsi urzędnicy administracji rządowej;32;26;20;7;3;0;0;0;0,00;0,00;22,3333;0,5000;44,6667;35,0000;0,8125;-;Nie;0,0000150151;
1113;Wyżsi urzędnicy władz samorządowych;15;15;20;9;0;0;0;2;;0,00;20,8333;2,0000;10,4167;45,0000;1,0000;-;Nie;0,0000150151;
1114;Zawodowi działacze organizacji członkowskich;5;5;4;0;2;0;0;0;100,00;100,00;3,5000;0,3333;10,5000;0,0000;1,0000;-;Nie;0,0000025208;
1120;Dyrektorzy generalni i zarządzający;1285;1426;2191;1099;376;1750;1;228;5,85;0,00;2220,6667;582,3333;3,8134;50,1597;1,1097;-;Nie;0,0018432432;
1211;Kierownicy do spraw finansowych;274;286;316;107;320;1383;0;192;7,50;0,63;326,0000;475,8333;0,6851;33,8608;1,0438;deficyt;Tak;0,0005272829;
1212;Kierownicy do spraw zarządzania zasobami ludzkimi;191;229;224;85;122;437;1;72;7,38;0,00;241,5000;165,1667;1,4622;37,9464;1,1990;-;Nie;0,0002674226;
1213;Kierownicy do spraw strategii i planowania;418;498;635;302;66;1301;0;126;15,15;0,00;661,1667;353,8333;1,8686;47,5591;1,1914;-;Nie;0,0006674605;
1219;Kierownicy do spraw obsługi biznesu i zarządzania gdzie indziej niesklasyfikowani;628;673;838;381;390;2102;3;250;7,44;1,54;842,1667;665,3333;1,2658;45,4654;1,0717;-;Nie;0,0009913268;
1221;Kierownicy do spraw marketingu i sprzedaży;1069;1166;1366;594;376;4215;0;418;17,55;2,93;1403,8333;1 183,1667;1,1865;43,4846;1,0907;-;Nie;0,0017012024;
1222;Kierownicy do spraw reklamy i public relations;75;70;89;38;7;58;0;15;42,86;14,29;86,1667;25,8333;3,3355;42,6966;0,9333;-;Nie;0,0000736508;
1223;Kierownicy do spraw badań i rozwoju;50;57;82;38;54;283;0;42;7,41;3,70;82,1667;98,1667;0,8370;46,3415;1,1400;deficyt;Tak;0,0001185866;
1311;Kierownicy produkcji w rolnictwie i leśnictwie;40;33;63;20;33;15;0;8;12,12;0,00;58,8333;16,0000;3,6771;31,7460;0,8250;-;Nie;0,0000492101;
1312;Kierownicy produkcji w zakładach akwakultury i rybołówstwie;3;2;4;2;3;0;0;1;0,00;0,00;3,3333;1,5000;2,2222;50,0000;0,6667;-;Nie;0,0000031784;
1321;Kierownicy do spraw produkcji przemysłowej;328;345;435;173;476;1492;6;331;6,09;0,84;435,8333;659,0000;0,6614;39,7701;1,0518;deficyt;Tak;0,0007199587;
1322;Kierownicy w górnictwie;8;9;17;8;3;0;0;0;0,00;0,00;16,6667;0,5000;33,3333;47,0588;1,1250;-;Nie;0,0000112887;
1323;Kierownicy do spraw budownictwa;548;627;814;393;443;501;0;148;7,67;0,45;817,3333;305,3333;2,6769;48,2801;1,1442;-;Nie;0,0007382618;
1324;Kierownicy do spraw logistyki i dziedzin pokrewnych;485;530;700;313;211;1373;3;176;12,32;0,95;712,6667;440,0000;1,6197;44,7143;1,0928;-;Nie;0,0007579897;
1330;Kierownicy do spraw technologii informatycznych i telekomunikacyjnych;75;80;115;60;256;531;0;64;1,17;0,39;116,6667;195,1667;0,5978;52,1739;1,0667;-;Nie;0,0002050605;
1341;Kierownicy w instytucjach opieki nad dziećmi;27;29;25;7;30;0;0;5;13,33;0,00;28,6667;10,0000;2,8667;28,0000;1,0741;-;Nie;0,0000254271;
1342;Kierownicy w instytucjach opieki zdrowotnej;13;16;21;12;9;45;0;11;11,11;0,00;23,3333;20,0000;1,1667;57,1429;1,2308;-;Nie;0,0000284959;
1343;Kierownicy w instytucjach opieki nad osobami starszymi;2;2;1;1;1;0;0;0;0,00;0,00;1,6667;0,1667;10,0000;100,0000;1,0000;-;Nie;0,0000012056;
1344;Kierownicy w instytucjach pomocy społecznej;11;10;9;2;10;0;0;1;10,00;0,00;8,6667;2,6667;3,2500;22,2222;0,9091;-;Nie;0,0000074528;
1345;Kierownicy w instytucjach edukacyjnych;32;29;42;12;16;29;0;36;6,25;0,00;43,0000;43,5000;0,9885;28,5714;0,9063;-;Nie;0,0000568821;
1346;Kierownicy w instytucjach finansowych i ubezpieczeniowych;81;99;114;54;30;651;0;47;6,67;6,67;118,1667;160,5000;0,7362;47,3684;1,2222;deficyt;Tak;0,0001832502;
1349;Kierownicy w instytucjach usług wyspecjalizowanych gdzie indziej niesklasyfikowani;253;305;425;247;36;95;0;15;13,89;2,78;437,0000;36,8333;11,8643;58,1176;1,2055;-;Nie;0,0003115912;
1411;Kierownicy w hotelarstwie;142;144;200;80;43;72;1;15;11,63;2,33;198,1667;34,1667;5,8000;40,0000;1,0141;-;Nie;0,0001527816;
1412;Kierownicy w gastronomii;360;372;349;127;262;377;4;55;21,37;3,82;366,8333;161,5000;2,2714;36,3897;1,0333;-;Nie;0,0003474302;
1420;Kierownicy w handlu detalicznym i hurtowym;1070;1063;1077;278;562;3744;36;527;7,47;0,89;1090,5000;1 244,6667;0,8761;25,8124;0,9935;-;Nie;0,0015355976;
1431;Kierownicy do spraw sportu, rekreacji i rozrywki;81;70;86;27;14;154;0;3;64,29;7,14;80,1667;31,0000;2,5860;31,3953;0,8642;-;Nie;0,0000731028;
1439;Kierownicy do spraw innych typów usług gdzie indziej niesklasyfikowani;1530;1518;2125;929;273;613;0;95;7,69;0,00;2088,1667;242,6667;8,6051;43,7176;0,9922;-;Nie;0,0015327480;
2111;Fizycy i astronomowie;233;234;236;107;11;0;0;0;54,55;54,55;240,5000;1,8333;131,1818;45,3390;1,0043;-;Nie;0,0001593576;
2112;Meteorolodzy;9;12;11;5;7;0;0;2;71,43;71,43;8,3333;3,1667;2,6316;45,4545;1,3333;-;Nie;0,0000075624;
2113;Chemicy;1136;1182;1074;523;123;236;0;39;40,65;30,89;1108,8333;98,8333;11,2192;48,6965;1,0405;-;Nie;0,0007941575;
2114;Specjaliści nauk o Ziemi;1019;1010;870;351;36;29;1;0;52,78;41,67;855,0000;10,8333;78,9231;40,3448;0,9912;-;Nie;0,0005693690;
2120;Matematycy, aktuariusze i statystycy;853;862;662;286;52;139;0;10;50,00;42,31;680,0000;41,8333;16,2550;43,2024;1,0106;-;Nie;0,0004746751;
2131;Biolodzy i pokrewni;2026;1863;1520;516;121;28;0;16;49,59;43,80;1473,1667;40,8333;36,0776;33,9474;0,9195;-;Nie;0,0009956012;
2132;Specjaliści w zakresie rolnictwa, leśnictwa i pokrewni;2782;2721;3093;1511;128;196;0;40;25,00;21,09;2982,5000;94,0000;31,7287;48,8522;0,9781;-;Nie;0,0020230959;
2133;Specjaliści do spraw ochrony środowiska;1664;1648;1416;600;139;151;0;37;50,36;37,41;1396,6667;85,3333;16,3672;42,3729;0,9904;-;Nie;0,0009745581;
2141;Inżynierowie do spraw przemysłu i produkcji;1778;1889;1453;563;811;5523;6;802;13,69;7,03;1507,5000;1 857,6667;0,8115;38,7474;1,0624;deficyt;Tak;0,0022129221;
2142;Inżynierowie budownictwa;2880;2900;2059;658;865;1194;1;268;33,87;15,49;2032,0000;611,1667;3,3248;31,9573;1,0069;-;Nie;0,0017381374;
2143;Inżynierowie inżynierii środowiska;2648;2579;2041;751;314;204;1;68;49,04;25,80;1957,8333;154,3333;12,6857;36,7957;0,9739;-;Nie;0,0013889536;
2144;Inżynierowie mechanicy;1747;1845;2015;973;563;1686;4;253;9,06;4,44;2045,0000;627,8333;3,2572;48,2878;1,0561;-;Nie;0,0017576461;
2145;Inżynierowie chemicy i pokrewni;1336;1284;1170;503;132;334;0;36;11,36;9,09;1155,8333;113,6667;10,1686;42,9915;0,9611;-;Nie;0,0008348189;
2146;Inżynierowie górnictwa i metalurgii;546;529;502;177;36;53;0;15;19,44;19,44;479,0000;29,8333;16,0559;35,2590;0,9689;-;Nie;0,0003346071;
2149;Inżynierowie gdzie indziej niesklasyfikowani;2670;2652;2059;740;610;1930;15;433;16,07;7,21;2032,0000;856,3333;2,3729;35,9398;0,9933;-;Nie;0,0018993581;
2151;Inżynierowie elektrycy;626;655;698;325;350;1000;8;191;9,43;4,00;709,5000;416,0000;1,7055;46,5616;1,0463;-;Nie;0,0007401250;
2152;Inżynierowie elektronicy;558;587;506;191;95;882;0;84;11,58;5,26;513,6667;246,8333;2,0810;37,7470;1,0520;-;Nie;0,0005001022;
2153;Inżynierowie telekomunikacji;266;252;291;126;68;335;0;49;8,82;5,88;293,0000;116,1667;2,5222;43,2990;0,9474;-;Nie;0,0002690666;
2161;Architekci;1723;1820;1367;490;401;154;1;80;58,35;27,43;1422,3333;172,5000;8,2454;35,8449;1,0563;-;Nie;0,0010487570;
2162;Architekci krajobrazu;544;488;422;126;39;0;0;6;53,85;25,64;388,5000;12,5000;31,0800;29,8578;0,8971;-;Nie;0,0002636962;
2163;Projektanci wzornictwa przemysłowego i odzieży;389;423;405;168;172;339;0;44;41,28;19,19;415,8333;129,1667;3,2194;41,4815;1,0874;-;Nie;0,0003583901;
2164;Urbaniści i inżynierowie ruchu drogowego;114;118;80;29;20;41;0;4;20,00;20,00;80,6667;14,1667;5,6941;36,2500;1,0351;-;Nie;0,0000623621;
2165;Kartografowie i geodeci;1140;1244;784;219;203;46;0;32;65,02;28,57;793,3333;73,5000;10,7937;27,9337;1,0912;-;Nie;0,0005700266;
2166;Projektanci grafiki i multimediów;1214;1363;1123;464;953;936;9;271;42,18;18,47;1166,0000;585,8333;1,9903;41,3179;1,1227;-;Nie;0,0011519996;
2211;Lekarze bez specjalizacji, w trakcie specjalizacji lub ze specjalizacją I stopnia;2173;1501;885;56;73;15;0;46;0,00;0,00;598,1667;60,6667;9,8599;6,3277;0,6908;-;Nie;0,0004332465;
2212;Lekarze specjaliści (ze specjalizacją II stopnia lub tytułem specjalisty);290;199;157;29;95;144;1;32;2,11;1,05;124,3333;71,8333;1,7309;18,4713;0,6862;-;Nie;0,0001289985;
2221;Pielęgniarki bez specjalizacji lub w trakcie specjalizacji;1763;1935;2332;1244;1221;74;14;352;18,67;8,11;2427,3333;567,8333;4,2747;53,3448;1,0976;-;Nie;0,0019696114;
2222;Pielęgniarki z tytułem specjalisty;37;35;52;28;113;89;2;26;4,42;0,88;47,0000;59,6667;0,7877;53,8462;0,9459;-;Nie;0,0000701436;
2231;Położne bez specjalizacji lub w trakcie specjalizacji;286;324;414;227;52;30;0;9;46,15;19,23;421,8333;22,6667;18,6103;54,8309;1,1329;-;Nie;0,0002923017;
2232;Położne z tytułem specjalisty;7;8;10;4;3;0;0;1;0,00;0,00;10,3333;1,5000;6,8889;40,0000;1,1429;-;Nie;0,0000077816;
2240;Specjaliści do spraw ratownictwa medycznego;66;76;42;18;0;14;0;0;;0,00;44,8333;2,3333;19,2143;42,8571;1,1515;-;Nie;0,0000310166;
2251;Lekarze weterynarii bez specjalizacji lub w trakcie specjalizacji;468;540;202;72;165;30;0;46;46,06;24,24;220,6667;78,5000;2,8110;35,6436;1,1538;-;Nie;0,0001967310;
2252;Lekarze weterynarii specjaliści;16;17;3;0;9;0;0;16;33,33;11,11;4,1667;17,5000;0,2381;0,0000;1,0625;deficyt;Nie;0,0000142479;
2261;Lekarze dentyści bez specjalizacji, w trakcie specjalizacji lub ze specjalizacją I stopnia;208;186;87;21;21;27;0;12;23,81;4,76;91,1667;20,0000;4,5583;24,1379;0,8942;-;Nie;0,0000731028;
2262;Lekarze dentyści specjaliści (ze specjalizacją II stopnia lub tytułem specjalisty);30;37;37;20;9;46;0;11;11,11;0,00;41,0000;20,1667;2,0331;54,0541;1,2333;-;Nie;0,0000402230;
2271;Diagności laboratoryjni bez specjalizacji lub w trakcie specjalizacji;121;119;88;34;86;42;0;11;31,40;20,93;92,1667;32,3333;2,8505;38,6364;0,9835;-;Nie;0,0000818708;
2272;Diagności laboratoryjni specjaliści;42;50;37;11;13;41;0;4;46,15;15,38;42,5000;13,0000;3,2692;29,7297;1,1905;-;Nie;0,0000364966;
2281;Farmaceuci bez specjalizacji lub w trakcie specjalizacji;95;106;75;13;74;332;1;13;27,03;9,46;74,8333;80,6667;0,9277;17,3333;1,1158;równowaga;Tak;0,0001022563;
2282;Farmaceuci specjaliści;77;82;107;53;28;163;0;29;28,57;3,57;109,8333;60,8333;1,8055;49,5327;1,0649;-;Nie;0,0001122298;
2291;Specjaliści do spraw higieny, bezpieczeństwa pracy i ochrony środowiska;1034;1001;795;283;112;320;1;63;33,93;21,43;777,6667;135,0000;5,7605;35,5975;0,9681;-;Nie;0,0006001665;
2292;Fizjoterapeuci;2896;2911;1852;602;1261;70;8;204;50,36;26,41;1872,6667;425,8333;4,3977;32,5054;1,0052;-;Nie;0,0015114857;
2293;Dietetycy i specjaliści do spraw żywienia;359;346;306;112;24;44;0;8;25,00;12,50;298,3333;19,3333;15,4310;36,6013;0,9638;-;Nie;0,0002088965;
2294;Audiofonolodzy i logopedzi;197;218;94;34;157;14;0;21;18,47;6,37;120,8333;49,5000;2,4411;36,1702;1,1066;-;Nie;0,0001120106;
2295;Optometryści;15;15;10;2;13;29;0;11;23,08;7,69;7,8333;18,0000;0,4352;20,0000;1,0000;deficyt;Nie;0,0000169879;
2299;Specjaliści ochrony zdrowia gdzie indziej niesklasyfikowani;1550;1485;1052;333;353;192;1;41;47,31;21,81;1045,6667;131,8333;7,9317;31,6540;0,9581;-;Nie;0,0007743200;
2310;Nauczyciele akademiccy;236;216;297;161;11;0;0;0;9,09;9,09;306,6667;1,8333;167,2727;54,2088;0,9153;nadwyżka;Tak;0,0002028685;
2320;Nauczyciele kształcenia zawodowego;347;367;467;280;498;867;8;147;3,61;1,61;479,5000;374,5000;1,2804;59,9572;1,0576;-;Nie;0,0005615875;
2330;Nauczyciele gimnazjów i szkół ponadgimnazjalnych (z wyjątkiem nauczycieli kształcenia zawodowego);8423;9327;7890;4004;2002;115;3;230;5,69;1,55;8729,8333;582,8333;14,9783;50,7478;1,1073;-;Nie;0,0061239778;
2341;Nauczyciele szkół podstawowych;3054;3522;2613;1425;1108;27;1;86;23,56;8,84;3023,3333;275,1667;10,9873;54,5350;1,1532;-;Nie;0,0021690823;
2342;Specjaliści do spraw wychowania małego dziecka;2615;2932;2091;1064;2562;171;3;248;43,29;13,62;2440,1667;703,5000;3,4686;50,8847;1,1212;-;Nie;0,0020672645;
2351;Wizytatorzy i specjaliści metod nauczania;74;79;63;28;58;15;1;7;15,52;6,90;67,5000;19,1667;3,5217;44,4444;1,0676;-;Nie;0,0000569917;
2352;Nauczyciele szkół specjalnych;402;481;240;94;513;0;2;38;20,08;6,04;302,1667;123,5000;2,4467;39,1667;1,1965;-;Nie;0,0002799169;
2353;Lektorzy języków obcych;252;280;146;64;1058;750;12;122;5,01;1,80;192,6667;423,3333;0,4551;43,8356;1,1111;deficyt;Tak;0,0004050795;
2354;Nauczyciele muzyki w placówkach pozaszkolnych;18;23;11;6;9;0;0;1;22,22;11,11;15,8333;2,5000;6,3333;54,5455;1,2778;-;Nie;0,0000120559;
2355;Nauczyciele sztuki w placówkach pozaszkolnych;165;173;182;88;119;0;0;7;36,97;20,17;191,1667;26,8333;7,1242;48,3516;1,0485;-;Nie;0,0001433561;
2356;Instruktorzy technologii informatycznych;9;4;12;3;31;43;0;0;6,45;6,45;9,1667;12,3333;0,7432;25,0000;0,4444;-;Nie;0,0000141383;
2359;Specjaliści nauczania i wychowania gdzie indziej niesklasyfikowani;10656;11745;9189;4558;2104;313;179;267;31,84;17,02;10047,0000;669,8333;14,9993;49,6028;1,1022;-;Nie;0,0070473530;
2411;Specjaliści do spraw księgowości i rachunkowości;2973;2906;2243;814;499;4695;1;736;36,27;17,84;2213,0000;1 601,6667;1,3817;36,2907;0,9775;-;Nie;0,0025085118;
2412;Doradcy finansowi i inwestycyjni;653;685;655;284;753;5022;56;673;13,15;7,17;671,6667;1 635,5000;0,4107;43,3588;1,0490;deficyt;Tak;0,0015171849;
2413;Analitycy finansowi;2426;2643;3078;1573;501;4373;5;460;17,37;9,18;3131,1667;1 272,3333;2,4610;51,1046;1,0894;-;Nie;0,0028957266;
2421;Specjaliści do spraw zarządzania i organizacji;9960;9840;8790;3378;1171;5208;10;759;24,85;12,30;8642,1667;1 822,1667;4,7428;38,4300;0,9880;-;Nie;0,0068813098;
2422;Specjaliści do spraw administracji i rozwoju;13272;13236;12661;5942;1290;2737;79;560;41,16;28,45;12460,0000;1 231,1667;10,1205;46,9315;0,9973;-;Nie;0,0090032644;
2423;Specjaliści do spraw zarządzania zasobami ludzkimi;1982;2049;1996;875;1771;6402;68;1075;17,11;9,99;2021,3333;2 437,1667;0,8294;43,8377;1,0338;deficyt;Tak;0,0029318944;
2424;Specjaliści do spraw szkoleń zawodowych i rozwoju kadr;210;213;238;88;308;538;2;81;35,06;18,83;234,1667;222,0000;1,0548;36,9748;1,0143;równowaga;Tak;0,0002999736;
2431;Specjaliści do spraw reklamy i marketingu;4193;4539;5464;2672;2950;6153;39;869;31,32;15,90;5538,6667;2 386,1667;2,3212;48,9019;1,0825;-;Nie;0,0052113433;
2432;Specjaliści do spraw public relations;221;232;203;87;61;164;0;23;49,18;34,43;209,1667;60,5000;3,4573;42,8571;1,0498;-;Nie;0,0001773319;
2433;Specjaliści do spraw sprzedaży (z wyłączeniem technologii informacyjno-komunikacyjnych);2177;2379;2249;777;3586;18225;172;2476;21,44;8,20;2317,1667;6 111,1667;0,3792;34,5487;1,0928;deficyt;Tak;0,0055424432;
2434;Specjaliści do spraw sprzedaży z dziedziny technologii teleinformatycznych;30;30;25;12;67;342;1;46;10,45;4,48;25,3333;114,1667;0,2219;48,0000;1,0000;deficyt;Tak;0,0000917347;
2440;Specjaliści do spraw rynku nieruchomości;611;643;651;303;333;945;1;231;38,74;21,02;672,0000;444,0000;1,5135;46,5438;1,0524;-;Nie;0,0007338778;
2511;Analitycy systemów komputerowych;121;132;101;41;708;2390;193;349;3,11;1,27;112,3333;865,3333;0,1298;40,5941;1,0909;deficyt;Tak;0,0006429103;
2512;Specjaliści do spraw rozwoju systemów informatycznych;240;281;217;91;857;2509;0;481;1,63;0,70;233,1667;1 042,0000;0,2238;41,9355;1,1708;deficyt;Tak;0,0008385452;
2513;Projektanci aplikacji sieciowych i multimediów;47;43;34;8;70;1959;1;160;30,00;15,71;35,1667;498,1667;0,0706;23,5294;0,9149;-;Nie;0,0003507182;
2514;Programiści aplikacji;348;381;288;106;1039;10246;16;1605;8,08;4,33;307,5000;3 485,8333;0,0882;36,8056;1,0948;deficyt;Tak;0,0024944830;
2519;Analitycy systemów komputerowych i programiści gdzie indziej niesklasyfikowani;1564;1688;1583;711;1053;3957;22;545;5,22;2,94;1598,5000;1 380,0000;1,1583;44,9147;1,0793;-;Nie;0,0019586514;
2521;Projektanci i administratorzy baz danych;180;202;199;105;259;2763;4;278;13,51;7,72;208,0000;781,6667;0,2661;52,7638;1,1222;-;Nie;0,0006508014;
2522;Administratorzy systemów komputerowych;111;113;115;42;392;1595;0;374;10,71;3,83;109,8333;705,1667;0,1558;36,5217;1,0180;deficyt;Tak;0,0005359412;
2523;Specjaliści do spraw sieci komputerowych;375;426;414;200;516;1626;0;248;2,13;1,16;422,3333;605,0000;0,6981;48,3092;1,1360;deficyt;Tak;0,0006755709;
2529;Specjaliści do spraw baz danych i sieci komputerowych gdzie indziej niesklasyfikowani;45;49;31;7;212;982;0;188;1,89;0,94;32,8333;387,0000;0,0848;22,5806;1,0889;deficyt;Tak;0,0002760810;
2611;Adwokaci, radcy prawni i prokuratorzy;205;273;137;56;101;407;0;20;42,57;18,81;167,5000;104,6667;1,6003;40,8759;1,3317;-;Nie;0,0001789759;
2612;Sędziowie;2;2;7;3;0;0;0;0;;0,00;7,1667;0,0000;;42,8571;1,0000;-;Nie;0,0000047128;
2619;Specjaliści z dziedziny prawa gdzie indziej niesklasyfikowani;4119;4225;3609;1522;740;667;35;140;48,78;30,27;3581,8333;374,5000;9,5643;42,1723;1,0257;-;Nie;0,0026016713;
2621;Archiwiści i muzealnicy;438;430;410;213;583;40;31;62;73,58;64,67;394,5000;165,8333;2,3789;51,9512;0,9817;nadwyżka;Tak;0,0003684733;
2622;Bibliotekoznawcy i specjaliści zarządzania informacją;407;420;458;241;245;365;0;51;9,80;5,71;463,8333;152,6667;3,0382;52,6201;1,0319;-;Nie;0,0004054083;
2631;Ekonomiści;8731;9174;10070;5266;103;100;0;27;31,07;18,45;10184,6667;60,8333;167,4192;52,2939;1,0507;-;Nie;0,0067374058;
2632;Archeolodzy, socjolodzy i specjaliści dziedzin pokrewnych;2961;3119;2716;1289;24;16;0;1;45,83;29,17;2749,1667;7,6667;358,5870;47,4595;1,0534;-;Nie;0,0018128842;
2633;Filozofowie, historycy i politolodzy;3824;4115;3992;2029;10;0;0;0;50,00;40,00;4070,1667;1,6667;2442,1000;50,8267;1,0761;-;Nie;0,0026776237;
2634;Psycholodzy i pokrewni;1419;1457;968;339;618;74;8;65;28,32;19,90;1020,0000;180,3333;5,6562;35,0207;1,0268;-;Nie;0,0007893351;
2635;Specjaliści do spraw społecznych;1873;1879;1558;686;90;98;0;7;50,00;26,67;1572,3333;38,3333;41,0174;44,0308;1,0032;-;Nie;0,0010591689;
2636;Duchowni i osoby konsekrowane;16;19;19;12;2;0;0;0;0,00;0,00;21,0000;0,3333;63,0000;63,1579;1,1875;-;Nie;0,0000140287;
2641;Literaci i inni autorzy tekstów;147;179;197;125;39;88;1;5;46,15;15,38;202,5000;26,1667;7,7389;63,4518;1,2177;-;Nie;0,0001503704;
2642;Dziennikarze;1195;1250;1045;448;247;166;0;57;60,32;38,06;1096,3333;125,8333;8,7126;42,8708;1,0460;-;Nie;0,0008036926;
2643;Filolodzy i tłumacze;4077;4287;3332;1454;407;651;2;94;2,46;1,23;3499,8333;270,3333;12,9464;43,6375;1,0515;-;Nie;0,0024792487;
2651;Artyści plastycy;884;900;931;461;136;140;0;76;16,18;8,82;928,3333;122,0000;7,6093;49,5166;1,0181;-;Nie;0,0006906956;
2652;Kompozytorzy, artyści muzycy i śpiewacy;311;372;249;146;18;14;0;3;0,00;0,00;289,1667;8,3333;34,7000;58,6345;1,1961;-;Nie;0,0001956350;
2653;Choreografowie i tancerze;17;23;18;8;16;0;0;0;0,00;0,00;21,0000;2,6667;7,8750;44,4444;1,3529;-;Nie;0,0000155631;
2654;Producenci filmowi, reżyserzy i pokrewni;110;150;106;45;9;0;0;3;44,44;22,22;122,6667;4,5000;27,2593;42,4528;1,3636;-;Nie;0,0000836244;
2655;Aktorzy;187;191;120;52;45;0;38;44;2,22;2,22;133,6667;51,5000;2,5955;43,3333;1,0214;-;Nie;0,0001217650;
2656;Prezenterzy radiowi, telewizyjni i pokrewni;41;59;46;32;36;14;13;4;13,89;11,11;53,6667;12,3333;4,3514;69,5652;1,4390;-;Nie;0,0000434014;
2659;Twórcy i artyści gdzie indziej niesklasyfikowani;8;8;7;4;8;0;0;0;12,50;0,00;8,0000;1,3333;6,0000;57,1429;1,0000;-;Nie;0,0000061376;
3111;Technicy nauk chemicznych, fizycznych i pokrewni;2323;2509;2802;1498;715;296;6;126;44,90;27,55;2848,5000;294,5000;9,6723;53,4618;1,0801;-;Nie;0,0020668261;
3112;Technicy budownictwa;7627;8184;9053;4619;752;603;5;260;30,59;16,22;8907,8333;485,8333;18,3352;51,0218;1,0730;-;Nie;0,0061772431;
3113;Technicy elektrycy;3368;3681;3736;1833;611;775;0;283;15,06;6,06;3748,8333;514,0000;7,2935;49,0632;1,0929;-;Nie;0,0028032246;
3114;Technicy elektronicy i pokrewni;3269;3619;3236;1496;864;403;32;179;15,74;5,79;3286,5000;390,1667;8,4233;46,2299;1,1071;-;Nie;0,0024177634;
3115;Technicy mechanicy;14947;16167;17720;9099;1377;3718;13;495;15,40;5,37;17586,0000;1 344,1667;13,0832;51,3488;1,0816;-;Nie;0,0124484129;
3116;Technicy technologii chemicznej i pokrewni;554;608;948;599;62;138;1;23;37,10;22,58;953,8333;56,3333;16,9320;63,1857;1,0975;-;Nie;0,0006642821;
3117;Technicy górnictwa, metalurgii i pokrewni;488;586;519;270;26;43;0;10;7,69;3,85;544,3333;21,5000;25,3178;52,0231;1,2008;-;Nie;0,0003720901;
3118;Kreślarze;133;139;189;106;88;98;2;28;51,14;25,00;195,8333;59,0000;3,3192;56,0847;1,0451;-;Nie;0,0001675775;
3119;Technicy nauk fizycznych i technicznych gdzie indziej niesklasyfikowani;6206;6905;8747;5014;5259;2430;718;970;4,85;2,41;8905,6667;2 251,5000;3,9554;57,3225;1,1126;-;Nie;0,0073369147;
3121;Osoby dozoru ruchu w górnictwie;8;8;8;1;23;0;0;3;4,35;4,35;7,5000;6,8333;1,0976;12,5000;1,0000;równowaga;Nie;0,0000094256;
3122;Mistrzowie produkcji w przemyśle przetwórczym;209;239;328;188;288;268;24;62;6,94;1,39;331,5000;154,6667;2,1433;57,3171;1,1435;-;Nie;0,0003197015;
3123;Mistrzowie produkcji w budownictwie;237;290;468;276;56;53;0;15;10,71;1,79;479,8333;33,1667;14,4673;58,9744;1,2236;-;Nie;0,0003373470;
3131;Operatorzy urządzeń energetycznych;286;361;490;287;90;26;4;13;15,56;3,33;490,5000;32,3333;15,1701;58,5714;1,2622;-;Nie;0,0003438134;
3132;Operatorzy urządzeń do spalania odpadów, uzdatniania wody i pokrewni;225;240;335;191;143;56;2;40;33,57;9,79;321,6667;73,1667;4,3964;57,0149;1,0667;-;Nie;0,0002596411;
3133;Kontrolerzy (sterowniczy) procesów w przemyśle chemicznym;28;32;34;18;1;29;0;0;0,00;0,00;37,1667;5,0000;7,4333;52,9412;1,1429;-;Nie;0,0000277287;
3134;Kontrolerzy (sterowniczy) procesów przeróbki ropy naftowej i gazu;4;5;3;0;8;0;0;0;0,00;0,00;2,8333;1,3333;2,1250;0,0000;1,2500;-;Nie;0,0000027400;
3135;Kontrolerzy (sterowniczy) procesów metalurgicznych;10;12;13;5;13;258;0;15;7,69;0,00;11,5000;60,1667;0,1911;38,4615;1,2000;deficyt;Tak;0,0000471278;
3139;Kontrolerzy (sterowniczy) procesów przemysłowych gdzie indziej niesklasyfikowani;735;758;684;239;5227;1397;397;801;1,95;0,67;662,1667;1 905,0000;0,3476;34,9415;1,0313;deficyt;Tak;0,0016881600;
3141;Technicy nauk biologicznych (z wyłączeniem nauk medycznych);87;81;83;29;110;54;0;21;38,18;30,91;82,5000;48,3333;1,7069;34,9398;0,9310;-;Nie;0,0000860356;
3142;Technicy rolnictwa i pokrewni;7323;7852;10955;6628;78;25;14;13;28,21;19,23;10890,8333;30,1667;361,0221;60,5021;1,0722;-;Nie;0,0071816123;
3143;Technicy leśnictwa;728;721;736;305;14;0;0;0;42,86;21,43;688,6667;2,3333;295,1429;41,4402;0,9904;-;Nie;0,0004543992;
3144;Technicy technologii żywności;3346;3671;4797;2785;413;113;93;106;14,29;7,51;4870,0000;193,6667;25,1463;58,0571;1,0971;-;Nie;0,0033298499;
3151;Pracownicy służb technicznych żeglugi;131;137;131;59;2;0;0;0;0,00;0,00;123,5000;0,3333;370,5000;45,0382;1,0458;-;Nie;0,0000814324;
3152;Oficerowie pokładowi, piloci żeglugi i pokrewni;264;266;196;71;16;0;0;10;12,50;12,50;197,8333;12,6667;15,6184;36,2245;1,0076;-;Nie;0,0001384241;
3153;Piloci statków powietrznych i personel pokrewny;159;166;162;75;54;41;0;0;9,26;3,70;157,5000;15,8333;9,9474;46,2963;1,0440;-;Nie;0,0001139834;
3154;Kontrolerzy ruchu lotniczego i personel pokrewny;33;39;38;17;6;30;0;2;66,67;33,33;39,6667;8,0000;4,9583;44,7368;1,1818;-;Nie;0,0000313454;
3155;Technicy urządzeń ruchu lotniczego;9;12;17;9;2;0;0;0;50,00;50,00;17,0000;0,3333;51,0000;52,9412;1,3333;-;Nie;0,0000113983;
3211;Operatorzy aparatury medycznej;316;375;348;177;131;28;0;22;35,11;20,61;363,0000;48,5000;7,4845;50,8621;1,1867;-;Nie;0,0002706010;
3212;Technicy analityki medycznej;226;277;372;237;30;0;0;5;36,67;20,00;395,1667;10,0000;39,5167;63,7097;1,2257;-;Nie;0,0002664362;
3213;Technicy farmaceutyczni;1556;1636;1177;446;724;72;0;82;66,02;32,46;1248,1667;214,6667;5,8144;37,8929;1,0514;-;Nie;0,0009619542;
3214;Technicy medyczni i dentystyczni;598;659;668;340;268;519;0;111;34,70;14,93;688,8333;242,1667;2,8445;50,8982;1,1020;-;Nie;0,0006122224;
3220;Dietetycy i żywieniowcy;6364;6804;7862;4467;250;118;1;40;31,20;13,20;7925,5000;101,3333;78,2122;56,8176;1,0691;-;Nie;0,0052784182;
3230;Praktykujący niekonwencjonalne lub komplementarne metody terapii;175;177;175;92;194;0;1;19;10,31;6,19;176,5000;51,3333;3,4383;52,5714;1,0114;-;Nie;0,0001498224;
3240;Technicy weterynarii;513;524;463;197;153;16;0;15;66,01;40,52;455,8333;43,1667;10,5598;42,5486;1,0214;-;Nie;0,0003281407;
3251;Asystenci dentystyczni;806;830;812;352;543;115;0;72;52,85;24,13;806,0000;181,6667;4,4367;43,3498;1,0298;-;Nie;0,0006494862;
3252;Środowiskowi pracownicy ochrony zdrowia;12;13;14;8;24;0;0;25;29,17;12,50;14,8333;29,0000;0,5115;57,1429;1,0833;-;Nie;0,0000288247;
3253;Optycy okularowi;79;89;107;55;50;46;0;12;74,00;30,00;114,8333;28,0000;4,1012;51,4019;1,1266;-;Nie;0,0000939267;
3254;Technicy fizjoterapii i masażyści;1900;1877;1953;937;445;64;3;66;43,60;31,46;1906,6667;150,8333;12,6409;47,9775;0,9879;-;Nie;0,0013530050;
3255;Średni personel ochrony środowiska, medycyny pracy i bhp;2364;2564;2851;1508;267;200;2;93;40,82;28,09;2866,1667;170,8333;16,7776;52,8937;1,0846;-;Nie;0,0019971208;
3256;Ratownicy medyczni;691;718;510;205;209;0;0;30;38,28;21,53;521,8333;64,8333;8,0488;40,1961;1,0391;-;Nie;0,0003857900;
3259;Średni personel do spraw zdrowia gdzie indziej niesklasyfikowany;2129;2302;2797;1703;2099;17;16;180;62,93;36,92;2878,1667;532,6667;5,4033;60,8867;1,0813;-;Nie;0,0022429523;
3311;Dealerzy i maklerzy aktywów finansowych;123;145;154;76;87;382;4;112;31,03;16,09;158,5000;190,1667;0,8335;49,3506;1,1789;deficyt;Tak;0,0002292820;
3312;Pracownicy do spraw kredytów, pożyczek i pokrewni;566;634;773;436;193;1625;8;341;45,60;24,35;794,1667;644,0000;1,2332;56,4036;1,1201;-;Nie;0,0009457335;
3313;Księgowi;2929;3461;4495;2501;2964;4629;4;1111;39,88;17,54;4696,6667;2 376,5000;1,9763;55,6396;1,1816;-;Nie;0,0046512902;
3314;Średni personel do spraw statystyki i dziedzin pokrewnych;19652;21237;24604;13896;181;232;1;58;62,43;45,86;24899,5000;126,8333;196,3167;56,4786;1,0807;-;Nie;0,0164572313;
3315;Rzeczoznawcy (z wyłączeniem majątkowych);107;113;131;65;25;405;4;20;24,00;8,00;132,1667;91,6667;1,4418;49,6183;1,0561;-;Nie;0,0001471920;
3321;Agenci ubezpieczeniowi;464;507;639;332;734;1062;11;677;33,79;16,08;641,5000;976,3333;0,6571;51,9562;1,0927;-;Nie;0,0010638817;
3322;Przedstawiciele handlowi;4026;4490;5078;2393;12249;13811;2155;4577;8,89;2,33;5172,8333;8 920,3333;0,5799;47,1249;1,1153;deficyt;Tak;0,0092676182;
3323;Zaopatrzeniowcy;1129;1331;1757;989;1470;1126;9;258;42,18;19,52;1789,1667;690,6667;2,5905;56,2891;1,1789;-;Nie;0,0016307299;
3324;Pośrednicy handlowi;216;221;297;161;380;101;0;40;3,68;1,58;297,0000;120,1667;2,4716;54,2088;1,0231;-;Nie;0,0002743274;
3331;Spedytorzy i pokrewni;3200;3348;2156;743;2215;3033;25;693;31,11;16,43;2190,6667;1 567,6667;1,3974;34,4620;1,0463;-;Nie;0,0024714672;
3332;Organizatorzy konferencji i imprez;150;163;149;58;210;60;61;69;41,43;20,48;148,8333;114,0000;1,3056;38,9262;1,0867;-;Nie;0,0001728383;
3333;Pośrednicy pracy i zatrudnienia;71;83;67;31;2725;376;1861;1079;4,51;4,11;74,0000;1 595,8333;0,0464;46,2687;1,1690;deficyt;Tak;0,0010980767;
3334;Agenci i administratorzy nieruchomości;130;134;157;60;301;985;0;112;33,89;18,60;156,1667;326,3333;0,4785;38,2166;1,0308;deficyt;Tak;0,0003172904;
3339;Pośrednicy usług biznesowych gdzie indziej niesklasyfikowani;1152;1152;941;407;687;1190;479;231;7,13;4,22;946,3333;543,8333;1,7401;43,2519;1,0000;-;Nie;0,0009799285;
3341;Kierownicy biura;216;215;280;120;128;145;7;41;31,25;7,03;279,8333;86,5000;3,2351;42,8571;0,9954;-;Nie;0,0002408995;
3342;Sekretarze prawni;35;40;24;4;89;55;0;13;59,55;43,82;24,8333;37,0000;0,6712;16,6667;1,1429;deficyt;Tak;0,0000406614;
3343;Pracownicy administracyjni i sekretarze biura zarządu;5281;5665;7059;4057;3725;1424;3;487;68,40;46,23;7097,1667;1 345,1667;5,2761;57,4727;1,0727;-;Nie;0,0055516496;
3344;Sekretarze medyczni i pokrewni;222;247;304;177;288;0;0;30;72,22;52,43;315,5000;78,0000;4,0449;58,2237;1,1126;-;Nie;0,0002587643;
3351;Funkcjonariusze celni i ochrony granic;87;87;116;59;30;0;0;35;0,00;0,00;111,8333;40,0000;2,7958;50,8621;1,0000;-;Nie;0,0000998451;
3352;Urzędnicy do spraw podatków;38;46;49;26;141;84;0;127;82,98;80,14;51,8333;164,5000;0,3151;53,0612;1,2105;-;Nie;0,0001422601;
3353;Urzędnicy do spraw świadczeń społecznych;44;41;50;24;91;0;0;6;68,13;62,64;49,3333;21,1667;2,3307;48,0000;0,9318;-;Nie;0,0000463606;
3354;Urzędnicy organów udzielających licencji;3;2;4;1;2;0;0;2;50,00;50,00;2,6667;2,3333;1,1429;25,0000;0,6667;-;Nie;0,0000032880;
3355;Policjanci;235;281;268;139;13;14;0;0;0,00;0,00;285,0000;4,5000;63,3333;51,8657;1,1957;-;Nie;0,0001903742;
3356;Funkcjonariusze służby więziennej;86;97;70;36;416;0;19;77;0,00;0,00;78,0000;146,3333;0,5330;51,4286;1,1279;-;Nie;0,0001475208;
3357;Funkcjonariusze służb specjalnych;54;49;69;48;0;0;0;0;;0,00;68,8333;0,0000;;69,5652;0,9074;max nadwyżka;Tak;0,0000452646;
3359;Urzędnicy państwowi do spraw nadzoru gdzie indziej niesklasyfikowani;130;147;142;82;19;0;0;13;10,53;10,53;150,0000;16,1667;9,2784;57,7465;1,1308;-;Nie;0,0001092706;
3411;Średni personel z dziedziny prawa i pokrewny;181;193;225;116;182;26;0;29;69,23;59,34;224,5000;63,6667;3,5262;51,5556;1,0663;-;Nie;0,0001894974;
3412;Pracownicy wsparcia rodziny, pomocy społecznej i pracy socjalnej;3466;3614;4176;2343;7633;192;1230;2153;17,07;9,47;4181,1667;3 457,1667;1,2094;56,1063;1,0427;-;Nie;0,0050229419;
3413;Pracownicy z zakresu działalności religijnej;3;3;2;1;8;0;0;1;62,50;62,50;2,1667;2,3333;0,9286;50,0000;1,0000;równowaga;Nie;0,0000029592;
3421;Sportowcy i dżokeje;113;132;85;29;27;0;0;1;0,00;0,00;98,8333;5,5000;17,9697;34,1176;1,1681;-;Nie;0,0000686092;
3422;Trenerzy, instruktorzy i działacze sportowi;367;395;270;100;256;42;23;26;37,50;16,41;289,8333;75,6667;3,8304;37,0370;1,0763;-;Nie;0,0002403516;
3423;Instruktorzy fitness i rekreacji ruchowej;435;452;348;139;455;14;31;55;35,38;14,73;366,1667;133,1667;2,7497;39,9425;1,0391;-;Nie;0,0003283599;
3431;Fotografowie;1089;1134;1167;576;151;28;0;28;69,54;31,13;1163,1667;57,8333;20,1124;49,3573;1,0413;-;Nie;0,0008029254;
3432;Plastycy, dekoratorzy wnętrz i pokrewni;1847;1998;2241;1230;759;263;12;101;44,27;30,70;2282,8333;271,3333;8,4134;54,8862;1,0818;-;Nie;0,0016796113;
3433;Pracownicy bibliotek, galerii, muzeów, informacji naukowej i pokrewni;482;476;614;361;474;14;12;30;53,38;42,19;615,0000;111,3333;5,5240;58,7948;0,9876;nadwyżka;Tak;0,0004776343;
3434;Szefowie kuchni i organizatorzy usług gastronomicznych;4078;3833;3052;995;237;260;21;107;25,32;5,91;2935,8333;189,8333;15,4653;32,6016;0,9399;-;Nie;0,0020554277;
3435;Aktorzy cyrkowi i pokrewni;12;5;18;10;72;0;0;1;0,00;0,00;15,0000;13,0000;1,1538;55,5556;0,4167;nadwyżka;Nie;0,0000184127;
3436;Muzycy i pokrewni;387;393;381;207;32;0;0;2;28,13;12,50;392,8333;7,3333;53,5682;54,3307;1,0155;-;Nie;0,0002631482;
3437;Tancerze;41;45;33;16;37;0;0;8;0,00;0,00;38,3333;14,1667;2,7059;48,4848;1,0976;-;Nie;0,0000345238;
3439;Średni personel w zakresie działalności artystycznej i kulturalnej gdzie indziej niesklasyfikowany;476;475;455;222;804;67;14;64;40,92;25,37;443,6667;209,1667;2,1211;48,7912;0,9979;-;Nie;0,0004293010;
3511;Operatorzy urządzeń teleinformatycznych;414;443;234;46;52;123;0;11;32,69;15,38;242,6667;40,1667;6,0415;19,6581;1,0700;-;Nie;0,0001859902;
3512;Technicy wsparcia informatycznego i technicznego;7151;7438;5727;2345;895;1032;33;234;44,47;23,02;5721,6667;555,1667;10,3062;40,9464;1,0401;-;Nie;0,0041276242;
3513;Operatorzy sieci i systemów komputerowych;176;216;222;130;72;41;0;13;37,50;13,89;235,6667;31,8333;7,4031;58,5586;1,2273;-;Nie;0,0001759071;
3514;Technicy sieci internetowych;108;121;89;31;244;297;0;89;37,30;22,95;89,1667;179,1667;0,4977;34,8315;1,1204;deficyt;Tak;0,0001764551;
3521;Operatorzy urządzeń do rejestracji i transmisji obrazu i dźwięku;269;310;305;149;206;58;4;51;38,83;17,48;317,6667;95,0000;3,3439;48,8525;1,1524;-;Nie;0,0002713682;
3522;Operatorzy urządzeń telekomunikacyjnych;501;575;667;369;116;67;0;13;8,62;1,72;681,0000;43,5000;15,6552;55,3223;1,1477;-;Nie;0,0004764287;
4110;Pracownicy obsługi biurowej;16972;18772;22854;12188;25547;3053;259;3023;66,21;44,45;23380,0000;7 789,6667;3,0014;53,3298;1,1061;-;Nie;0,0204970663;
4120;Sekretarki (ogólne);1664;1809;2306;1234;2293;700;20;241;62,41;46,01;2380,8333;739,8333;3,2181;53,5126;1,0871;-;Nie;0,0020521397;
4131;Maszynistki i operatorzy edytorów tekstu;130;150;240;163;107;44;19;66;24,30;15,89;245,1667;91,1667;2,6892;67,9167;1,1538;-;Nie;0,0002211717;
4132;Operatorzy wprowadzania danych;222;233;269;148;482;72;24;59;61,00;55,39;261,3333;151,3333;1,7269;55,0186;1,0495;-;Nie;0,0002713682;
4211;Kasjerzy bankowi i pokrewni;1633;1874;2232;1159;910;354;31;166;25,93;14,29;2328,5000;376,6667;6,1819;51,9265;1,1476;-;Nie;0,0017789084;
4212;Bukmacherzy, krupierzy i pokrewni;181;172;182;69;128;14;25;19;4,69;3,91;171,1667;42,6667;4,0117;37,9121;0,9503;-;Nie;0,0001406161;
4213;Pracownicy lombardów i instytucji pożyczkowych;68;67;67;31;107;12;0;21;36,45;7,48;66,0000;40,8333;1,6163;46,2687;0,9853;-;Nie;0,0000702532;
4214;Windykatorzy i pokrewni;374;383;463;215;289;621;11;177;18,34;7,27;476,3333;328,6667;1,4493;46,4363;1,0241;-;Nie;0,0005293652;
4221;Konsultanci i inni pracownicy biur podróży;1907;1920;1881;915;264;167;10;34;41,29;26,14;1874,3333;105,8333;17,7102;48,6443;1,0068;-;Nie;0,0013021508;
4222;Pracownicy centrów obsługi telefonicznej (pracownicy call center);398;450;338;132;3008;5551;733;1498;2,23;0,86;357,5000;2 924,5000;0,1222;39,0533;1,1307;deficyt;Tak;0,0021582320;
4223;Operatorzy centrali telefonicznych;467;516;914;597;66;57;11;7;15,15;12,12;926,0000;27,5000;33,6727;65,3173;1,1049;-;Nie;0,0006270183;
4224;Recepcjoniści hotelowi;5007;4915;4226;1755;616;300;14;194;22,40;10,55;4135,8333;346,6667;11,9303;41,5286;0,9816;-;Nie;0,0029476767;
4225;Pracownicy biur informacji;224;214;248;126;208;108;110;61;23,08;16,35;248,8333;113,6667;2,1891;50,8065;0,9554;-;Nie;0,0002383788;
4226;Recepcjoniści (z wyłączeniem hotelowych);2267;2257;2556;1174;2958;1342;20;521;51,32;29,65;2513,0000;1 237,6667;2,0304;45,9311;0,9956;-;Nie;0,0024664256;
4227;Ankieterzy;117;148;107;58;1035;496;698;360;0,29;0,29;109,8333;615,1667;0,1785;54,2056;1,2650;-;Nie;0,0004767575;
4311;Pracownicy do spraw rachunkowości i księgowości;2110;2356;2845;1528;3181;711;23;438;53,66;37,54;2905,3333;1 086,6667;2,6736;53,7083;1,1166;-;Nie;0,0026251256;
4312;Pracownicy do spraw statystyki, finansów i ubezpieczeń;622;725;989;613;361;265;23;103;49,03;30,75;1023,5000;207,3333;4,9365;61,9818;1,1656;-;Nie;0,0008093918;
4313;Pracownicy obsługi płacowej;71;93;90;36;110;132;0;39;35,45;16,36;96,6667;79,3333;1,2185;40,0000;1,3099;-;Nie;0,0001157370;
4321;Magazynierzy i pokrewni;12170;13322;13726;6801;57684;6819;20476;13457;6,72;2,92;13724,0000;24 207,5000;0,5669;49,5483;1,0947;deficyt;Tak;0,0249436248;
4322;Planiści produkcyjni;123;168;202;129;208;421;36;56;7,69;2,88;219,5000;160,8333;1,3648;63,8614;1,3659;-;Nie;0,0002501059;
4323;Pracownicy do spraw transportu;797;893;1275;792;677;451;37;136;16,99;9,75;1280,0000;324,0000;3,9506;62,1176;1,1205;-;Nie;0,0010547849;
4411;Pomocnicy biblioteczni;30;35;32;15;173;0;0;4;72,25;60,69;31,3333;32,8333;0,9543;46,8750;1,1667;równowaga;Tak;0,0000421958;
4412;Listonosze i pokrewni;1530;1688;1929;1033;2519;260;109;451;10,80;6,15;1919,0000;914,1667;2,0992;53,5511;1,1033;-;Nie;0,0018630807;
4413;Kodowacze, korektorzy i pokrewni;44;55;54;28;14;14;0;1;42,86;28,57;58,5000;5,6667;10,3235;51,8519;1,2500;-;Nie;0,0000421958;
4414;Technicy archiwiści i pokrewni;109;115;116;58;410;71;51;97;66,59;59,02;116,3333;177,1667;0,6566;50,0000;1,0550;deficyt;Tak;0,0001930046;
4415;Pracownicy działów kadr;287;316;414;211;499;438;3;93;42,69;30,86;412,0000;249,1667;1,6535;50,9662;1,1010;-;Nie;0,0004347809;
4419;Pracownicy obsługi biura gdzie indziej niesklasyfikowani;1368;1523;1872;1039;1303;257;11;224;50,65;29,93;1923,5000;484,0000;3,9742;55,5021;1,1133;-;Nie;0,0015831638;
5111;Stewardzi;95;88;85;32;25;12;0;0;4,00;4,00;83,3333;6,1667;13,5135;37,6471;0,9263;-;Nie;0,0000588549;
5112;Konduktorzy i pokrewni;376;427;544;335;325;31;6;78;5,54;1,54;552,8333;137,3333;4,0255;61,5809;1,1356;-;Nie;0,0004538512;
5113;Przewodnicy turystyczni i piloci wycieczek;189;146;167;68;43;15;0;18;11,63;11,63;135,5000;27,6667;4,8976;40,7186;0,7725;-;Nie;0,0001072978;
5120;Kucharze;25890;26702;33732;20174;11102;709;381;2590;21,19;7,05;33237,3333;4 558,5000;7,2913;59,8067;1,0314;-;Nie;0,0248544109;
5131;Kelnerzy;7188;7443;9010;4840;6520;657;1012;1990;22,06;10,44;8960,5000;3 186,1667;2,8123;53,7181;1,0355;-;Nie;0,0079876065;
5132;Barmani;2720;2942;3541;1904;1992;484;41;405;33,94;14,36;3566,3333;817,6667;4,3616;53,7701;1,0816;-;Nie;0,0028829034;
5141;Fryzjerzy;16790;16638;18799;9898;4645;306;112;855;38,28;21,53;18700,5000;1 680,1667;11,1301;52,6517;0,9909;nadwyżka;Tak;0,0134022568;
5142;Kosmetyczki i pokrewni;3958;4261;4458;2262;3210;275;37;523;51,31;29,00;4544,3333;1 103,8333;4,1169;50,7402;1,0766;-;Nie;0,0037142151;
5151;Pracownicy obsługi technicznej biur, hoteli i innych obiektów;225;245;307;169;518;138;49;46;37,07;23,36;307,8333;155,3333;1,9818;55,0489;1,0889;-;Nie;0,0003045768;
5152;Pracownicy usług domowych;338;327;470;260;29;29;10;11;10,34;3,45;453,3333;20,6667;21,9355;55,3191;0,9675;nadwyżka;Tak;0,0003117008;
5153;Gospodarze budynków;19586;19617;29806;19551;23805;114;470;5784;65,04;32,46;28202,3333;9 770,5000;2,8865;65,5942;1,0016;-;Nie;0,0249708055;
5161;Astrolodzy, wróżbici i pokrewni;4;4;4;3;0;0;0;0;;0,00;4,5000;0,0000;;75,0000;1,0000;-;Nie;0,0000029592;
5162;Osoby do towarzystwa;2;4;1;1;0;0;0;0;;0,00;2,0000;0,0000;;100,0000;2,0000;-;Nie;0,0000013152;
5163;Pracownicy zakładów pogrzebowych;136;158;165;90;183;0;10;27;37,70;9,84;171,8333;57,5000;2,9884;54,5455;1,1618;-;Nie;0,0001508088;
5164;Opiekunowie zwierząt domowych i pracownicy zajmujący się zwierzętami;123;142;150;75;163;30;3;14;46,01;23,93;153,1667;46,1667;3,3177;50,0000;1,1545;-;Nie;0,0001310809;
5165;Instruktorzy nauki jazdy;83;108;136;81;149;0;2;49;18,79;0,67;142,6667;73,8333;1,9323;59,5588;1,3012;-;Nie;0,0001423697;
5169;Pracownicy usług osobistych gdzie indziej niesklasyfikowani;256;273;253;131;3280;415;2976;1029;3,41;2,87;257,0000;1 644,8333;0,1562;51,7787;1,0664;-;Nie;0,0012506391;
5211;Sprzedawcy na targowiskach i bazarach;125;144;251;140;213;35;16;67;12,21;4,23;248,1667;108,3333;2,2908;55,7769;1,1520;-;Nie;0,0002344332;
5212;Uliczni sprzedawcy żywności;20;41;48;41;17;14;12;26;0,00;0,00;57,6667;31,1667;1,8503;85,4167;2,0500;-;Nie;0,0000584165;
5221;Właściciele sklepów;852;964;1372;732;12;199;1;28;33,33;33,33;1392,6667;63,1667;22,0475;53,3528;1,1315;-;Nie;0,0009573510;
5222;Kierownicy sprzedaży w marketach;349;391;479;241;123;315;3;35;13,82;4,07;500,5000;108,0000;4,6343;50,3132;1,1203;-;Nie;0,0004001475;
5223;Sprzedawcy sklepowi (ekspedienci);89212;96397;128641;73972;45844;12157;3155;10933;32,15;13,23;129887,5000;20 599,8333;6,3053;57,5027;1,0805;-;Nie;0,0989599562;
5230;Kasjerzy i sprzedawcy biletów;4351;4870;5592;2959;9969;3484;3193;2897;6,01;3,05;5740,1667;5 139,1667;1,1169;52,9149;1,1193;-;Nie;0,0071542124;
5241;Modelki i modele;19;12;20;9;61;16;60;0;0,00;0,00;19,8333;12,8333;1,5455;45,0000;0,6316;-;Nie;0,0000214815;
5242;Demonstratorzy wyrobów;4;6;5;2;24;13;0;8;25,00;25,00;6,8333;14,1667;0,4824;40,0000;1,5000;deficyt;Nie;0,0000138095;
5243;Agenci sprzedaży bezpośredniej;557;613;550;232;1306;796;743;530;6,05;1,99;569,6667;880,3333;0,6471;42,1818;1,1005;deficyt;Tak;0,0009535150;
5244;Sprzedawcy (konsultanci) w centrach sprzedaży telefonicznej / internetowej;1603;1712;1460;646;3376;921;948;1390;9,57;4,95;1506,6667;2 106,1667;0,7154;44,2466;1,0680;deficyt;Tak;0,0023757869;
5245;Sprzedawcy w stacji paliw;1392;1423;1236;482;1904;222;67;381;25,68;9,14;1211,6667;735,3333;1,6478;38,9968;1,0223;-;Nie;0,0012803405;
5246;Wydawcy posiłków;419;434;559;263;558;57;31;168;24,19;12,01;555,3333;270,5000;2,0530;47,0483;1,0358;-;Nie;0,0005430652;
5249;Pracownicy sprzedaży i pokrewni gdzie indziej niesklasyfikowani;4854;4983;5038;2074;8838;13518;787;3283;19,00;10,43;5102,3333;7 009,0000;0,7280;41,1671;1,0266;deficyt;Tak;0,0079643714;
5311;Opiekunowie dziecięcy;901;967;925;515;1855;30;66;130;65,07;26,04;1000,6667;444,1667;2,2529;55,6757;1,0733;-;Nie;0,0009501175;
5312;Asystenci nauczycieli;856;944;511;196;4079;14;7;128;76,61;51,61;625,6667;810,1667;0,7723;38,3562;1,1028;deficyt;Tak;0,0009441991;
5321;Pomocniczy personel medyczny;800;822;768;402;529;14;7;168;38,56;27,41;747,6667;258,5000;2,8923;52,3438;1,0275;-;Nie;0,0006616518;
5322;Pracownicy domowej opieki osobistej;1213;1279;2270;1655;855;44;171;277;25,15;14,74;2248,1667;426,8333;5,2671;72,9075;1,0544;-;Nie;0,0017590709;
5329;Pracownicy opieki osobistej w ochronie zdrowia i pokrewni gdzie indziej niesklasyfikowani;984;1103;1636;1052;358;27;4;77;55,31;31,56;1637,1667;141,1667;11,5974;64,3032;1,1209;-;Nie;0,0011694259;
5411;Strażacy;72;79;139;89;85;0;0;13;2,35;1,18;133,8333;27,1667;4,9264;64,0288;1,0972;-;Nie;0,0001058730;
5412;Strażnicy w zakładach dla nieletnich;4;5;7;5;11;0;0;1;9,09;0,00;7,1667;2,8333;2,5294;71,4286;1,2500;-;Nie;0,0000065760;
5413;Pracownicy ochrony osób i mienia;5803;6429;7639;4295;13021;590;1079;2856;2,79;0,68;7659,1667;5 124,5000;1,4946;56,2246;1,1079;-;Nie;0,0084064955;
5419;Pracownicy usług ochrony gdzie indziej niesklasyfikowani;524;576;524;243;478;0;170;213;7,53;0,63;530,0000;292,6667;1,8109;46,3740;1,0992;-;Nie;0,0005409828;
6111;Rolnicy upraw polowych;2147;2200;4147;2947;194;21;4;15;7,22;5,15;4012,0000;50,8333;78,9246;71,0634;1,0247;-;Nie;0,0026717053;
6112;Sadownicy;88;77;160;116;60;0;11;6;11,67;10,00;148,5000;16,0000;9,2813;72,5000;0,8750;nadwyżka;Tak;0,0001081746;
6113;Ogrodnicy;4650;4299;6987;4340;2616;93;231;441;21,83;13,65;6460,3333;892,5000;7,2385;62,1154;0,9245;nadwyżka;Tak;0,0048351981;
6114;Rolnicy upraw mieszanych;396;431;662;460;52;0;34;2;5,77;3,85;666,6667;10,6667;62,5000;69,4864;1,0884;-;Nie;0,0004454121;
6121;Hodowcy zwierząt gospodarskich i domowych;222;220;338;199;629;21;2;51;5,09;3,66;326,6667;159,3333;2,0502;58,8757;0,9910;nadwyżka;Tak;0,0003195919;
6122;Hodowcy drobiu;115;98;159;84;273;0;10;29;8,42;4,40;143,0000;74,5000;1,9195;52,8302;0,8522;nadwyżka;Tak;0,0001430273;
6123;Pszczelarze i hodowcy jedwabników;9;12;8;4;3;0;0;1;33,33;33,33;8,6667;1,5000;5,7778;50,0000;1,3333;-;Nie;0,0000066856;
6129;Hodowcy zwierząt gdzie indziej niesklasyfikowani;381;410;786;551;38;0;10;2;0,00;0,00;760,5000;8,3333;91,2600;70,1018;1,0761;-;Nie;0,0005055822;
6130;Rolnicy produkcji roślinnej i zwierzęcej;3563;3729;6189;4132;291;35;42;42;11,00;8,93;6090,0000;96,3333;63,2180;66,7636;1,0466;-;Nie;0,0040681117;
6210;Robotnicy leśni i pokrewni;2489;2348;4134;2501;831;0;6;154;26,84;8,78;3845,6667;292,5000;13,1476;60,4983;0,9434;nadwyżka;Tak;0,0027212443;
6221;Hodowcy ryb;62;66;98;59;11;0;0;1;27,27;0,00;90,0000;2,8333;31,7647;60,2041;1,0645;-;Nie;0,0000610469;
6222;Rybacy śródlądowi;16;22;23;14;20;0;0;1;10,00;10,00;22,3333;4,3333;5,1538;60,8696;1,3750;-;Nie;0,0000175359;
6223;Rybacy morscy;161;163;170;86;14;0;0;0;21,43;0,00;166,3333;2,3333;71,2857;50,5882;1,0124;-;Nie;0,0001109146;
6310;Rolnicy produkcji roślinnej pracujący na własne potrzeby;22;18;46;30;6;0;2;0;16,67;16,67;41,8333;1,0000;41,8333;65,2174;0,8182;nadwyżka;Nie;0,0000281671;
6320;Hodowcy zwierząt pracujący na własne potrzeby;3;3;3;2;0;0;0;0;;0,00;3,1667;0,0000;;66,6667;1,0000;-;Nie;0,0000020824;
6330;Rolnicy produkcji roślinnej i zwierzęcej pracujący na własne potrzeby;780;887;1523;1086;5;0;0;0;80,00;80,00;1522,6667;0,8333;1827,2000;71,3066;1,1372;-;Nie;0,0010018484;
6340;Rybacy i zbieracze pracujący na własne potrzeby;474;373;481;251;2078;0;1704;1799;0,29;0,10;400,6667;2 145,3333;0,1868;52,1830;0,7869;-;Nie;0,0016742409;
7111;Monterzy konstrukcji budowlanych i konserwatorzy budynków;946;1029;1407;815;2349;303;24;268;24,01;12,64;1394,8333;710,0000;1,9646;57,9247;1,0877;-;Nie;0,0013841312;
7112;Murarze i pokrewni;17182;17923;25559;14880;14854;206;185;2690;7,86;2,17;24027,1667;5 200,0000;4,6206;58,2182;1,0431;-;Nie;0,0192196849;
7113;Robotnicy obróbki kamienia;909;648;1183;469;768;0;17;201;18,36;6,38;908,0000;329,0000;2,7599;39,6450;0,7129;-;Nie;0,0008134470;
7114;Betoniarze, betoniarze zbrojarze i pokrewni;3734;3761;5811;3498;9568;53;45;1224;2,40;0,71;5450,5000;2 827,5000;1,9277;60,1962;1,0072;-;Nie;0,0054435845;
7115;Cieśle i stolarze budowlani;4350;4674;6409;3675;7033;930;64;1108;4,34;1,35;6219,5000;2 435,1667;2,5540;57,3412;1,0745;-;Nie;0,0056912792;
7116;Robotnicy budowy dróg;325;307;498;317;388;15;1;93;17,01;2,84;462,5000;160,1667;2,8876;63,6546;0,9446;nadwyżka;Tak;0,0004094635;
7117;Monterzy budownictwa wodnego;73;71;152;99;11;43;0;13;0,00;0,00;138,1667;22,0000;6,2803;65,1316;0,9726;nadwyżka;Tak;0,0001053251;
7119;Robotnicy robót stanu surowego i pokrewni gdzie indziej niesklasyfikowani;670;690;784;393;2582;58;32;425;6,39;2,13;753,0000;865,0000;0,8705;50,1276;1,0299;deficyt;Tak;0,0010639913;
7121;Dekarze;1628;1790;2272;1282;2043;105;8;509;13,75;3,52;2171,8333;867,0000;2,5050;56,4261;1,0995;-;Nie;0,0019983264;
7122;Posadzkarze, parkieciarze i glazurnicy;1684;1842;2406;1399;3226;72;13;440;8,00;3,81;2324,0000;989,6667;2,3483;58,1463;1,0938;-;Nie;0,0021790559;
7123;Tynkarze i pokrewni;928;914;1355;705;6735;97;6;1038;4,62;1,71;1238,6667;2 176,6667;0,5691;52,0295;0,9849;-;Nie;0,0022459115;
7124;Monterzy izolacji;842;879;1053;550;1212;15;16;205;5,61;1,90;1009,1667;409,5000;2,4644;52,2317;1,0439;-;Nie;0,0009329104;
7125;Szklarze;983;1063;1105;553;1475;88;96;373;14,92;4,41;1086,8333;633,5000;1,7156;50,0452;1,0814;-;Nie;0,0011312853;
7126;Hydraulicy i monterzy rurociągów;7622;8433;10382;5808;5528;299;113;1059;16,35;4,09;10174,1667;2 030,1667;5,0115;55,9430;1,1064;-;Nie;0,0080255279;
7127;Monterzy i konserwatorzy instalacji klimatyzacyjnych i chłodniczych;608;705;740;399;1203;85;4;275;16,87;4,41;764,8333;489,6667;1,5619;53,9189;1,1595;-;Nie;0,0008249549;
7129;Robotnicy budowlani robót wykończeniowych i pokrewni gdzie indziej niesklasyfikowani;4067;4007;3599;1415;4461;273;82;893;13,83;4,73;3361,0000;1 682,0000;1,9982;39,3165;0,9852;-;Nie;0,0033162596;
7131;Malarze budowlani i pokrewni;6150;6929;9782;6136;3544;15;12;740;10,33;4,91;9607,3333;1 333,1667;7,2064;62,7275;1,1267;-;Nie;0,0071944354;
7132;Lakiernicy;3210;3599;3560;1810;3671;445;91;767;9,89;2,78;3552,1667;1 453,0000;2,4447;50,8427;1,1212;-;Nie;0,0032913805;
7133;Robotnicy czyszczący konstrukcje budowlane i pokrewni;149;159;174;87;356;0;0;34;7,58;1,69;177,1667;93,3333;1,8982;50,0000;1,0671;-;Nie;0,0001778799;
7211;Formierze odlewniczy i pokrewni;859;952;1372;841;509;28;11;140;5,30;2,75;1347,3333;229,5000;5,8707;61,2974;1,1083;-;Nie;0,0010369202;
7212;Spawacze i pokrewni;4042;4381;5297;2806;12621;863;286;2481;4,03;0,82;5183,3333;4 728,3333;1,0962;52,9734;1,0839;-;Nie;0,0065178781;
7213;Blacharze;3194;3501;3835;1957;1447;238;8;373;17,14;6,98;3773,3333;653,8333;5,7711;51,0300;1,0961;-;Nie;0,0029112897;
7214;Robotnicy przygotowujący i wznoszący konstrukcje metalowe;1760;1952;1984;999;4884;179;149;769;5,38;2,07;1938,6667;1 612,8333;1,2020;50,3528;1,1091;-;Nie;0,0023354543;
7215;Takielarze i monterzy konstrukcji linowych;49;62;78;48;25;14;0;5;12,00;0,00;79,1667;11,5000;6,8841;61,5385;1,2653;-;Nie;0,0000596221;
7221;Kowale i operatorzy pras kuźniczych;203;223;298;172;168;15;1;47;7,74;3,57;294,3333;77,5000;3,7978;57,7181;1,0985;-;Nie;0,0002445163;
7222;Ślusarze i pokrewni;20521;22448;28957;16853;9038;665;206;1745;12,31;3,52;28448,0000;3 362,1667;8,4612;58,2001;1,0939;-;Nie;0,0209182569;
7223;Ustawiacze i operatorzy obrabiarek do metali i pokrewni;9061;9969;13561;8115;9151;1671;482;2270;9,71;3,52;13402,0000;4 073,6667;3,2899;59,8407;1,1002;-;Nie;0,0114919387;
7224;Szlifierze narzędzi i polerowacze metali;168;167;217;109;358;89;32;37;14,53;4,47;204,6667;111,5000;1,8356;50,2304;0,9940;-;Nie;0,0002079101;
7231;Mechanicy pojazdów samochodowych;24150;25828;26082;12817;6595;605;76;1232;41,05;10,34;25739,6667;2 432,0000;10,5837;49,1412;1,0695;-;Nie;0,0185255917;
7232;Mechanicy statków powietrznych i pokrewni;37;41;66;44;17;14;0;25;0,00;0,00;66,3333;30,1667;2,1989;66,6667;1,1081;-;Nie;0,0000634581;
7233;Mechanicy maszyn i urządzeń rolniczych i przemysłowych;7448;8352;11194;6733;2468;696;95;581;14,87;4,98;11085,0000;1 108,3333;10,0015;60,1483;1,1214;-;Nie;0,0080182943;
7234;Mechanicy rowerów i pokrewni;153;159;177;86;196;31;0;37;18,37;7,65;174,5000;74,8333;2,3318;48,5876;1,0392;-;Nie;0,0001639607;
7311;Mechanicy precyzyjni;583;660;884;536;156;56;23;64;12,18;3,85;911,0000;99,3333;9,1711;60,6335;1,1321;-;Nie;0,0006643917;
7312;Monterzy instrumentów muzycznych;15;12;20;11;4;0;0;1;25,00;0,00;19,3333;1,6667;11,6000;55,0000;0,8000;nadwyżka;Nie;0,0000138095;
7313;Jubilerzy, złotnicy i pokrewni;287;296;475;269;67;0;0;10;38,81;13,43;466,8333;21,1667;22,0551;56,6316;1,0314;-;Nie;0,0003209071;
7314;Ceramicy i pokrewni;676;731;1119;734;313;15;20;51;9,27;4,47;1093,3333;105,6667;10,3470;65,5943;1,0814;-;Nie;0,0007884583;
7315;Formowacze wyrobów szklanych, krajacze i szlifierze szkła;749;823;1209;770;351;15;11;106;6,27;0,57;1202,6667;167,0000;7,2016;63,6890;1,0988;-;Nie;0,0009006881;
7316;Szyldziarze, grawerzy i zdobnicy ceramiki, szkła i pokrewni;819;924;1387;860;454;15;0;52;16,52;5,29;1384,3333;130,1667;10,6351;62,0043;1,1282;-;Nie;0,0009959300;
7317;Rękodzielnicy wyrobów z drewna i pokrewnych materiałów;219;241;412;288;63;0;7;11;11,11;6,35;416,0000;21,5000;19,3488;69,9029;1,1005;-;Nie;0,0002876985;
7318;Rękodzielnicy wyrobów z tkanin, skóry i pokrewnych materiałów;2807;3234;4884;3416;333;102;1;40;20,42;6,91;4944,6667;112,5000;43,9526;69,9427;1,1521;-;Nie;0,0033255755;
7319;Rzemieślnicy gdzie indziej niesklasyfikowani;182;195;278;166;138;13;0;1;20,29;9,42;274,1667;26,1667;10,4777;59,7122;1,0714;-;Nie;0,0001974982;
7321;Pracownicy przy pracach przygotowawczych do druku;433;463;483;239;692;175;178;97;6,79;2,02;496,6667;241,5000;2,0566;49,4824;1,0693;-;Nie;0,0004854159;
7322;Drukarze;877;961;1241;684;1106;387;137;276;21,70;7,69;1244,1667;524,8333;2,3706;55,1168;1,0958;-;Nie;0,0011632884;
7323;Introligatorzy i pokrewni;953;1127;1460;895;945;210;85;161;17,04;7,30;1509,0000;353,5000;4,2687;61,3014;1,1826;-;Nie;0,0012247736;
7411;Elektrycy budowlani i pokrewni;4221;4492;4507;2145;7253;755;107;1653;9,73;2,62;4419,8333;2 987,6667;1,4794;47,5926;1,0642;-;Nie;0,0048711467;
7412;Elektromechanicy i elektromonterzy;10157;11545;13087;7288;3338;1189;94;899;13,51;4,55;13130,6667;1 653,5000;7,9411;55,6889;1,1367;-;Nie;0,0097220175;
7413;Monterzy linii elektrycznych;327;405;451;228;634;82;1;106;10,25;2,84;455,8333;225,3333;2,0229;50,5543;1,2385;-;Nie;0,0004479329;
7421;Monterzy i serwisanci urządzeń elektronicznych;1347;1442;1481;736;828;625;110;379;11,23;3,86;1482,0000;621,1667;2,3858;49,6962;1,0705;-;Nie;0,0013830352;
7422;Monterzy i serwisanci instalacji i urządzeń teleinformatycznych;1556;1768;2240;1351;1470;381;29;410;26,87;11,16;2233,6667;718,5000;3,1088;60,3125;1,1362;-;Nie;0,0019413347;
7511;Masarze, robotnicy w przetwórstwie ryb i pokrewni;4770;5084;6642;3751;10623;97;148;2236;2,51;0,87;6485,8333;4 022,6667;1,6123;56,4740;1,0658;-;Nie;0,0069103537;
7512;Piekarze, cukiernicy i pokrewni;15993;16763;20620;11667;4310;165;133;958;22,67;7,33;20271,8333;1 703,8333;11,8978;56,5810;1,0481;-;Nie;0,0144511233;
7513;Robotnicy w produkcji wyrobów mleczarskich;143;143;189;107;196;0;0;3;5,61;0,51;182,0000;35,6667;5,1028;56,6138;1,0000;-;Nie;0,0001431369;
7514;Robotnicy przetwórstwa surowców roślinnych;432;499;673;402;1081;14;107;663;2,68;1,30;642,1667;845,5000;0,7595;59,7325;1,1551;-;Nie;0,0009782845;
7515;Klasyfikatorzy żywności i pokrewni;59;56;98;64;25;0;0;0;12,00;12,00;94,3333;4,1667;22,6400;65,3061;0,9492;nadwyżka;Tak;0,0000647733;
7521;Robotnicy przygotowujący drewno i pokrewni;1103;1136;1492;827;1046;0;46;239;24,57;7,74;1431,6667;413,3333;3,4637;55,4290;1,0299;-;Nie;0,0012132657;
7522;Stolarze meblowi i pokrewni;14236;15287;16720;8487;8190;280;276;1425;22,34;5,14;16446,5000;2 836,6667;5,7978;50,7596;1,0738;-;Nie;0,0126805445;
7523;Ustawiacze i operatorzy maszyn do obróbki i produkcji wyrobów z drewna;738;744;932;488;1497;71;181;386;22,44;5,34;891,8333;647,3333;1,3777;52,3605;1,0081;-;Nie;0,0010121507;
7531;Krawcy, kuśnierze, kapelusznicy i pokrewni;11363;12745;20376;13774;2247;114;39;490;15,67;4,94;20586,6667;883,5000;23,3013;67,5991;1,1216;-;Nie;0,0141187082;
7532;Konstruktorzy i krojczowie odzieży;695;774;1052;547;903;135;11;178;22,48;9,08;1049,0000;351,0000;2,9886;51,9962;1,1137;-;Nie;0,0009206352;
7533;Szwaczki, hafciarki i pokrewni;6716;7848;12287;8389;1887;57;30;562;13,25;4,61;12541,1667;886,0000;14,1548;68,2754;1,1686;-;Nie;0,0088296589;
7534;Tapicerzy i pokrewni;1773;1945;2045;1076;2353;156;15;542;9,18;3,27;2024,0000;960,1667;2,1080;52,6161;1,0970;-;Nie;0,0019623778;
7535;Wyprawiacze skór, garbarze i pokrewni;252;326;512;353;65;0;0;14;4,62;3,08;539,8333;24,8333;21,7383;68,9453;1,2937;-;Nie;0,0003713229;
7536;Obuwnicy i pokrewni;982;1180;1584;957;573;14;3;98;17,45;4,54;1612,0000;195,8333;8,2315;60,4167;1,2016;-;Nie;0,0011888250;
7537;Kaletnicy, rymarze i pokrewni;612;725;1138;791;179;0;0;46;16,20;8,94;1149,0000;75,8333;15,1516;69,5079;1,1846;-;Nie;0,0008054462;
7541;Nurkowie;10;8;9;2;1;0;0;0;0,00;0,00;6,8333;0,1667;41,0000;22,2222;0,8000;-;Nie;0,0000046032;
7542;Strzałowi i pokrewni;5;7;10;6;24;13;0;0;0,00;0,00;10,8333;6,1667;1,7568;60,0000;1,4000;-;Nie;0,0000111791;
7543;Klasyfikatorzy wyrobów przemysłowych;58;72;118;76;55;0;0;10;16,36;9,09;119,3333;19,1667;6,2261;64,4068;1,2414;-;Nie;0,0000910771;
7544;Robotnicy zwalczania szkodników i chwastów;37;54;80;53;114;16;6;13;20,18;11,40;82,1667;34,6667;2,3702;66,2500;1,4595;-;Nie;0,0000768292;
7549;Robotnicy przemysłowi i rzemieślnicy gdzie indziej niesklasyfikowani;127;146;145;58;846;1965;26;404;11,35;3,07;143,6667;872,5000;0,1647;40,0000;1,1496;deficyt;Tak;0,0006682277;
8111;Górnicy podziemnej i odkrywkowej eksploatacji złóż i pokrewni;2277;2524;3403;2133;605;67;0;96;1,49;0,83;3338,0000;208,0000;16,0481;62,6800;1,1085;-;Nie;0,0023318375;
8112;Operatorzy maszyn i urządzeń do przeróbki mechanicznej kopalin;191;193;251;134;89;0;10;31;35,96;2,25;228,5000;45,8333;4,9855;53,3865;1,0105;-;Nie;0,0001804007;
8113;Operatorzy urządzeń wiertniczych i wydobywczych ropy, gazu i innych surowców;359;293;454;227;106;37;2;9;21,70;4,72;396,5000;32,8333;12,0761;50,0000;0,8162;-;Nie;0,0002823281;
8114;Operatorzy maszyn i urządzeń do produkcji wyrobów cementowych, kamiennych i pokrewni;475;353;583;255;440;82;11;82;13,18;3,64;460,1667;169,0000;2,7229;43,7393;0,7432;-;Nie;0,0004137379;
8121;Operatorzy maszyn i urządzeń do produkcji i przetwórstwa metali;1406;1519;1923;1086;3226;232;467;872;6,45;1,80;1875,8333;1 448,3333;1,2952;56,4743;1,0804;-;Nie;0,0021859606;
8122;Operatorzy urządzeń do obróbki powierzchniowej metali i nakładania powłok;136;148;153;72;334;15;16;87;19,16;0,90;151,8333;145,1667;1,0459;47,0588;1,0882;równowaga;Tak;0,0001953062;
8131;Operatorzy maszyn i urządzeń do produkcji wyrobów chemicznych;1328;1440;2020;1220;1076;311;24;483;10,87;3,35;1987,5000;714,1667;2,7830;60,3960;1,0843;-;Nie;0,0017766068;
8132;Operatorzy urządzeń do produkcji materiałów światłoczułych i obróbki filmów;22;21;25;7;5;0;0;2;40,00;20,00;23,3333;2,8333;8,2353;28,0000;0,9545;-;Nie;0,0000172071;
8141;Operatorzy maszyn do produkcji wyrobów gumowych;697;777;760;387;1568;78;96;375;27,36;9,31;756,6667;649,3333;1,1653;50,9211;1,1148;-;Nie;0,0009245808;
8142;Operatorzy maszyn do produkcji wyrobów z tworzyw sztucznych;1755;1854;1969;947;8626;523;551;1581;6,43;1,70;1918,3333;3 105,8333;0,6177;48,0955;1,0564;deficyt;Tak;0,0033038748;
8143;Operatorzy maszyn do produkcji wyrobów papierniczych;527;549;651;347;1506;188;166;313;12,68;2,99;644,5000;595,3333;1,0826;53,3026;1,0417;-;Nie;0,0008153102;
8151;Operatorzy maszyn przędzalniczych i pokrewni;289;312;444;275;445;15;16;44;2,47;0,22;436,5000;120,6667;3,6174;61,9369;1,0796;-;Nie;0,0003663909;
8152;Operatorzy maszyn tkackich i dziewiarskich;266;296;444;302;428;28;2;111;13,32;4,91;456,6667;187,0000;2,4421;68,0180;1,1128;-;Nie;0,0004232730;
8153;Operatorzy maszyn do szycia;1390;1536;1644;536;8333;480;221;1469;8,92;2,36;1651,0000;2 937,8333;0,5620;32,6034;1,1050;deficyt;Tak;0,0030176011;
8154;Operatorzy maszyn wykończalniczych wyrobów włókienniczych;130;136;209;147;76;0;0;27;43,42;19,74;205,3333;39,6667;5,1765;70,3349;1,0462;-;Nie;0,0001611112;
8155;Operatorzy maszyn do wyprawiania futer i skór;53;55;81;54;46;0;2;18;34,78;10,87;81,3333;25,6667;3,1688;66,6667;1,0377;-;Nie;0,0000703628;
8156;Operatorzy maszyn do produkcji obuwia i pokrewni;1642;1802;3184;2209;441;0;4;199;23,36;7,48;3140,0000;272,5000;11,5229;69,3781;1,0974;-;Nie;0,0022440483;
8157;Operatorzy maszyn do prania;158;190;256;127;759;41;25;159;17,26;4,35;254,0000;292,3333;0,8689;49,6094;1,2025;deficyt;Tak;0,0003592669;
8159;Operatorzy maszyn do produkcji wyrobów włókienniczych, futrzarskich i skórzanych gdzie indziej niesklasyfikowani;193;243;283;163;315;29;0;64;13,65;4,76;296,3333;121,3333;2,4423;57,5972;1,2591;-;Nie;0,0002746562;
8160;Operatorzy maszyn i urządzeń do produkcji wyrobów spożywczych i pokrewni;3295;3629;4882;3040;8565;494;769;1881;3,95;1,00;4819,1667;3 390,8333;1,4212;62,2696;1,1014;-;Nie;0,0053988679;
8171;Operatorzy urządzeń do wyrobu masy papierniczej i produkcji papieru;255;259;351;208;221;60;18;34;24,89;4,07;329,5000;80,8333;4,0763;59,2593;1,0157;-;Nie;0,0002698338;
8172;Operatorzy maszyn i urządzeń do obróbki drewna;1961;2009;2571;1365;2777;132;49;592;29,89;5,40;2503,3333;1 076,8333;2,3247;53,0922;1,0245;-;Nie;0,0023543054;
8181;Operatorzy urządzeń do produkcji wyrobów szklanych i ceramicznych;580;608;768;424;930;105;8;326;6,56;1,18;749,0000;498,5000;1,5025;55,2083;1,0483;-;Nie;0,0008203517;
8182;Maszyniści kotłów parowych i pokrewni;1158;1648;2135;1446;407;28;1;39;40,29;1,47;2275,0000;111,5000;20,4036;67,7283;1,4231;-;Nie;0,0015693542;
8183;Operatorzy urządzeń pakujących, znakujących i urządzeń do napełniania butelek;171;172;224;117;513;126;13;187;20,66;6,24;217,0000;293,5000;0,7394;52,2321;1,0058;-;Nie;0,0003357031;
8189;Operatorzy innych maszyn i urządzeń przetwórczych gdzie indziej niesklasyfikowani;1971;2144;2347;1234;3505;1782;132;741;4,54;0,31;2320,1667;1 622,1667;1,4303;52,5778;1,0878;-;Nie;0,0025924649;
8211;Monterzy maszyn i urządzeń mechanicznych;1859;2082;2406;1380;4096;717;331;961;3,25;1,39;2387,3333;1 763,1667;1,3540;57,3566;1,1200;-;Nie;0,0027293546;
8212;Monterzy sprzętu elektrycznego;1044;1057;1413;774;2750;441;171;791;3,75;1,02;1372,5000;1 322,8333;1,0375;54,7771;1,0125;-;Nie;0,0017724420;
8213;Monterzy sprzętu elektronicznego;2536;2757;3453;2055;3454;43;262;1103;1,65;0,67;3468,8333;1 685,8333;2,0576;59,5135;1,0871;-;Nie;0,0033896912;
8219;Monterzy gdzie indziej niesklasyfikowani;2468;2696;2730;1328;7237;345;800;1701;8,21;2,43;2713,3333;2 964,6667;0,9152;48,6447;1,0924;równowaga;Tak;0,0037338334;
8311;Maszyniści kolejowi i metra;145;164;225;138;104;29;0;19;6,73;3,85;214,0000;41,1667;5,1984;61,3333;1,1310;-;Nie;0,0001677967;
8312;Dyżurni ruchu, manewrowi i pokrewni;899;1047;1466;932;255;124;11;61;5,88;3,14;1463,3333;124,1667;11,7852;63,5744;1,1646;-;Nie;0,0010439346;
8321;Kierowcy motocykli;0;0;0;0;73;0;0;0;0,00;0,00;0,0000;12,1667;0,0000;;;max deficyt;Nie;0,0000080008;
8322;Kierowcy samochodów osobowych i dostawczych;6222;6957;7997;4123;8290;1806;93;1630;21,38;0,51;8053,3333;3 312,6667;2,4311;51,5568;1,1181;-;Nie;0,0074742428;
8331;Kierowcy autobusów i motorniczowie tramwajów;981;1036;1235;648;2765;90;4;663;6,04;0,00;1246,6667;1 138,8333;1,0947;52,4696;1,0561;-;Nie;0,0015686966;
8332;Kierowcy samochodów ciężarowych;4965;5540;6759;3502;17963;3498;56;4533;3,47;0,03;6694,5000;8 109,8333;0,8255;51,8124;1,1158;-;Nie;0,0097352790;
8341;Operatorzy wolnobieżnych maszyn rolniczych i leśnych;4615;4845;7100;4296;753;0;19;220;18,73;2,79;6797,0000;345,5000;19,6729;60,5070;1,0498;-;Nie;0,0046968836;
8342;Operatorzy sprzętu do robót ziemnych i urządzeń pokrewnych;1733;1994;2095;932;2737;208;18;601;15,49;1,24;2026,6667;1 091,8333;1,8562;44,4869;1,1506;-;Nie;0,0020507149;
8343;Maszyniści i operatorzy maszyn i urządzeń dźwigowo-transportowych i pokrewni;677;776;1059;618;737;326;27;251;5,97;0,27;1056,1667;428,1667;2,4667;58,3569;1,1462;-;Nie;0,0009760925;
8344;Kierowcy operatorzy wózków jezdniowych;1845;1962;1836;881;6233;4165;508;2332;5,94;0,42;1804,5000;4 065,0000;0,4439;47,9847;1,0634;deficyt;Tak;0,0038597631;
8350;Marynarze i pokrewni (z wyłączeniem sił zbrojnych);503;297;490;135;7;0;0;3;71,43;14,29;360,1667;4,1667;86,4400;27,5510;0,5905;-;Nie;0,0002395844;
9111;Pomoce domowe i sprzątaczki;684;639;1269;863;761;95;7;99;4,73;1,84;1221,6667;241,6667;5,0552;68,0063;0,9342;nadwyżka;Tak;0,0009622830;
9112;Pomoce i sprzątaczki biurowe, hotelowe i pokrewne;14813;16359;24369;16222;21062;584;1052;4421;17,35;7,87;24392,6667;8 028,6667;3,0382;66,5682;1,1044;-;Nie;0,0213201580;
9121;Praczki ręczne i prasowacze;1052;1185;1854;1199;1097;60;2;173;22,06;9,57;1868,0000;365,8333;5,1062;64,6710;1,1264;-;Nie;0,0014689612;
9122;Czyściciele pojazdów;519;573;583;298;1016;195;29;215;33,96;10,93;582,5000;416,8333;1,3974;51,1149;1,1040;-;Nie;0,0006571582;
9123;Zmywacze okien;17;22;21;14;89;0;0;3;3,37;3,37;23,5000;17,8333;1,3178;66,6667;1,2941;-;Nie;0,0000271807;
9129;Pozostali pracownicy zajmujący się sprzątaniem;653;572;608;152;6260;139;528;1349;4,89;2,03;552,1667;2 415,5000;0,2286;25,0000;0,8760;-;Nie;0,0019515275;
9211;Robotnicy wykonujący proste prace polowe;818;587;993;544;1907;0;472;687;2,41;2,10;822,8333;1 004,8333;0,8189;54,7835;0,7176;-;Nie;0,0012018674;
9212;Robotnicy wykonujący prace proste w hodowli zwierząt;315;303;547;323;594;0;8;94;9,60;6,23;507,6667;193,0000;2,6304;59,0494;0,9619;nadwyżka;Tak;0,0004607560;
9213;Robotnicy wykonujący prace proste przy uprawie roślin i hodowli zwierząt;194;178;258;140;321;12;0;33;16,82;12,15;241,3333;88,5000;2,7269;54,2636;0,9175;nadwyżka;Tak;0,0002168973;
9214;Robotnicy wykonujący prace proste w ogrodnictwie i sadownictwie;1048;823;1212;604;3413;29;646;962;11,05;7,47;1005,8333;1 535,6667;0,6550;49,8350;0,7853;-;Nie;0,0016712817;
9215;Robotnicy wykonujący prace proste w leśnictwie;248;164;302;133;202;0;35;21;22,28;8,42;243,1667;54,6667;4,4482;44,0397;0,6613;-;Nie;0,0001958542;
9216;Robotnicy wykonujący prace proste w rybołówstwie i zakładach akwakultury;27;17;31;15;16;0;0;0;31,25;12,50;28,3333;2,6667;10,6250;48,3871;0,6296;-;Nie;0,0000203855;
9311;Robotnicy wykonujący prace proste w kopalniach i kamieniołomach;512;531;609;328;274;13;0;84;7,30;0,00;579,6667;131,8333;4,3970;53,8588;1,0371;-;Nie;0,0004678800;
9312;Robotnicy wykonujący prace proste w budownictwie drogowym, wodnym i pokrewni;4552;4437;7047;4485;2899;109;12;511;35,84;6,17;6406,1667;1 012,3333;6,3281;63,6441;0,9747;nadwyżka;Tak;0,0048783803;
9313;Robotnicy wykonujący prace proste w budownictwie ogólnym;18995;20130;27003;15422;21535;381;338;3365;15,75;3,05;25562,5000;7 017,6667;3,6426;57,1122;1,0598;-;Nie;0,0214246063;
9321;Ręczni pakowacze i znakowacze;6552;7041;8669;4979;22735;2676;3888;5098;3,10;1,24;8624,3333;9 333,1667;0,9241;57,4345;1,0746;-;Nie;0,0118087906;
9329;Robotnicy wykonujący prace proste w przemyśle gdzie indziej niesklasyfikowani;16822;18446;24153;14820;27485;7681;2202;6885;5,73;2,43;23935,8333;12 746,0000;1,8779;61,3588;1,0965;-;Nie;0,0241218483;
9332;Prowadzący pojazdy ciągnięte przez zwierzęta;31;28;81;63;3;0;0;1;33,33;0,00;75,8333;1,5000;50,5556;77,7778;0,9032;nadwyżka;Tak;0,0000508541;
9333;Robotnicy pracujący przy przeładunku towarów;4916;5411;6991;4244;7168;2173;663;1583;3,78;1,55;6948,3333;3 139,8333;2,2130;60,7066;1,1007;-;Nie;0,0066339439;
9334;Układacze towarów na półkach;702;700;569;245;2028;1538;1087;400;3,40;3,01;572,0000;994,3333;0,5753;43,0580;0,9972;-;Nie;0,0010300154;
9411;Pracownicy przygotowujący posiłki typu fast food;503;478;373;128;3927;510;616;909;7,28;4,15;343,1667;1 648,5000;0,2082;34,3164;0,9503;-;Nie;0,0013097132;
9412;Pomoce kuchenne;5083;5268;6702;3973;10635;416;697;2368;31,04;16,17;6622,3333;4 209,8333;1,5731;59,2808;1,0364;-;Nie;0,0071231958;
9510;Pracownicy świadczący usługi na ulicach;208;240;195;94;1559;74;1410;406;0,13;0,06;196,1667;678,1667;0,2893;48,2051;1,1538;deficyt;Tak;0,0005749586;
9520;Uliczni sprzedawcy produktów (z wyłączeniem żywności o krótkim terminie przydatności do spożycia);39;41;97;67;55;14;51;26;0,00;0,00;98,5000;37,5000;2,6267;69,0722;1,0513;-;Nie;0,0000894331;
9611;Ładowacze nieczystości;206;206;270;157;340;0;11;69;22,06;10,59;255,0000;125,6667;2,0292;58,1481;1,0000;-;Nie;0,0002503251;
9612;Sortowacze odpadów;302;348;296;156;1260;28;15;289;15,95;6,19;306,5000;503,6667;0,6085;52,7027;1,1523;-;Nie;0,0005327628;
9613;Zamiatacze i pokrewni;3055;3244;5721;4118;1566;107;34;543;51,47;32,76;5540,6667;821,8333;6,7418;71,9804;1,0619;-;Nie;0,0041839583;
9621;Gońcy, bagażowi i pokrewni;644;725;713;423;3537;175;2715;780;7,44;3,28;737,3333;1 398,6667;0,5272;59,3268;1,1258;-;Nie;0,0014046263;
9622;Pracownicy wykonujący dorywcze prace proste;343;337;383;182;5925;299;3917;2028;2,45;1,76;358,3333;3 065,3333;0,1169;47,5196;0,9825;-;Nie;0,0022513915;
9623;Odczytujący liczniki i wybierający monety z automatów;28;34;29;15;19;16;3;4;31,58;5,26;31,6667;9,8333;3,2203;51,7241;1,2143;-;Nie;0,0000272903;
9629;Pracownicy wykonujący prace proste gdzie indziej niesklasyfikowani;7318;7811;10253;6016;22914;1661;2211;4947;9,29;5,26;10084,8333;9 042,8333;1,1152;58,6755;1,0674;-;Nie;0,0125782882;
